{
	"credit": "Made with Blockbench",
	"textures": {
		"claymore": "items/claymore"
	},
	"elements": [
		{
			"name": "Box1",
			"from": [6.75, 5.75, 8.0625],
			"to": [6.875, 5.875, 8.20313],
			"faces": {
				"north": {"uv": [6.875, 10.125, 6.75, 10.25], "texture": "#claymore"},
				"east": {"uv": [6.875, 10.25, 6.75, 10.125], "rotation": 180, "texture": "#claymore"},
				"south": {"uv": [6.75, 10.125, 6.875, 10.25], "texture": "#claymore"},
				"west": {"uv": [6.75, 10.125, 6.875, 10.25], "texture": "#claymore"},
				"up": {"uv": [6.75, 10.25, 6.875, 10.125], "texture": "#claymore"},
				"down": {"uv": [6.75, 10.125, 6.875, 10.25], "texture": "#claymore"}
			}
		},
		{
			"name": "Box2",
			"from": [6.875, 5.875, 8.0625],
			"to": [7, 6, 8.20313],
			"faces": {
				"north": {"uv": [7, 10, 6.875, 10.125], "texture": "#claymore"},
				"east": {"uv": [7, 10.125, 6.875, 10], "rotation": 180, "texture": "#claymore"},
				"south": {"uv": [6.875, 10, 7, 10.125], "texture": "#claymore"},
				"west": {"uv": [6.875, 10, 7, 10.125], "texture": "#claymore"},
				"up": {"uv": [6.875, 10.125, 7, 10], "texture": "#claymore"},
				"down": {"uv": [6.875, 10, 7, 10.125], "texture": "#claymore"}
			}
		},
		{
			"name": "Box3",
			"from": [6.875, 5.625, 8.0625],
			"to": [7.5, 5.75, 8.20313],
			"faces": {
				"north": {"uv": [7.5, 10.25, 6.875, 10.375], "texture": "#claymore"},
				"east": {"uv": [7.5, 10.375, 7.375, 10.25], "rotation": 180, "texture": "#claymore"},
				"south": {"uv": [6.875, 10.25, 7.5, 10.375], "texture": "#claymore"},
				"west": {"uv": [6.875, 10.25, 7, 10.375], "texture": "#claymore"},
				"up": {"uv": [6.875, 10.375, 7.5, 10.25], "texture": "#claymore"},
				"down": {"uv": [6.875, 10.25, 7.5, 10.375], "texture": "#claymore"}
			}
		},
		{
			"name": "Box4",
			"from": [7, 5.75, 8.0625],
			"to": [7.25, 5.875, 8.20313],
			"faces": {
				"north": {"uv": [7.25, 10.125, 7, 10.25], "texture": "#claymore"},
				"east": {"uv": [7.25, 10.25, 7.125, 10.125], "rotation": 180, "texture": "#claymore"},
				"south": {"uv": [7, 10.125, 7.25, 10.25], "texture": "#claymore"},
				"west": {"uv": [7, 10.125, 7.125, 10.25], "texture": "#claymore"},
				"up": {"uv": [7, 10.25, 7.25, 10.125], "texture": "#claymore"},
				"down": {"uv": [7, 10.125, 7.25, 10.25], "texture": "#claymore"}
			}
		},
		{
			"name": "Box5",
			"from": [7.125, 5.5, 8.0625],
			"to": [8.875, 5.625, 8.20313],
			"faces": {
				"north": {"uv": [8.875, 10.375, 7.125, 10.5], "texture": "#claymore"},
				"east": {"uv": [8.875, 10.5, 8.75, 10.375], "rotation": 180, "texture": "#claymore"},
				"south": {"uv": [7.125, 10.375, 8.875, 10.5], "texture": "#claymore"},
				"west": {"uv": [7.125, 10.375, 7.25, 10.5], "texture": "#claymore"},
				"up": {"uv": [7.125, 10.5, 8.875, 10.375], "texture": "#claymore"},
				"down": {"uv": [7.125, 10.375, 8.875, 10.5], "texture": "#claymore"}
			}
		},
		{
			"name": "Box6",
			"from": [7.25, 5.375, 8.0625],
			"to": [8.75, 5.5, 8.20313],
			"faces": {
				"north": {"uv": [8.75, 10.5, 7.25, 10.625], "texture": "#claymore"},
				"east": {"uv": [8.75, 10.625, 8.625, 10.5], "rotation": 180, "texture": "#claymore"},
				"south": {"uv": [7.25, 10.5, 8.75, 10.625], "texture": "#claymore"},
				"west": {"uv": [7.25, 10.5, 7.375, 10.625], "texture": "#claymore"},
				"up": {"uv": [7.25, 10.625, 8.75, 10.5], "texture": "#claymore"},
				"down": {"uv": [7.25, 10.5, 8.75, 10.625], "texture": "#claymore"}
			}
		},
		{
			"name": "Box7",
			"from": [7.375, 5.25, 8.0625],
			"to": [8.625, 5.375, 8.20313],
			"faces": {
				"north": {"uv": [8.625, 10.625, 7.375, 10.75], "texture": "#claymore"},
				"east": {"uv": [8.625, 10.75, 8.5, 10.625], "rotation": 180, "texture": "#claymore"},
				"south": {"uv": [7.375, 10.625, 8.625, 10.75], "texture": "#claymore"},
				"west": {"uv": [7.375, 10.625, 7.5, 10.75], "texture": "#claymore"},
				"up": {"uv": [7.375, 10.75, 8.625, 10.625], "texture": "#claymore"},
				"down": {"uv": [7.375, 10.625, 8.625, 10.75], "texture": "#claymore"}
			}
		},
		{
			"name": "Box8",
			"from": [7.5, 5.125, 8.0625],
			"to": [8.5, 5.25, 8.20313],
			"faces": {
				"north": {"uv": [8.5, 10.75, 7.5, 10.875], "texture": "#claymore"},
				"east": {"uv": [8.5, 10.875, 8.375, 10.75], "rotation": 180, "texture": "#claymore"},
				"south": {"uv": [7.5, 10.75, 8.5, 10.875], "texture": "#claymore"},
				"west": {"uv": [7.5, 10.75, 7.625, 10.875], "texture": "#claymore"},
				"up": {"uv": [7.5, 10.875, 8.5, 10.75], "texture": "#claymore"},
				"down": {"uv": [7.5, 10.75, 8.5, 10.875], "texture": "#claymore"}
			}
		},
		{
			"name": "Box9",
			"from": [7.625, 5.625, 8],
			"to": [8.375, 14.375, 8.25],
			"faces": {
				"north": {"uv": [8.375, 1.625, 7.625, 10.375], "texture": "#claymore"},
				"east": {"uv": [8.375, 10.375, 8.25, 1.625], "rotation": 180, "texture": "#claymore"},
				"south": {"uv": [7.625, 1.625, 8.375, 10.375], "texture": "#claymore"},
				"west": {"uv": [7.625, 1.625, 7.75, 10.375], "texture": "#claymore"},
				"up": {"uv": [7.625, 1.75, 8.375, 1.625], "texture": "#claymore"},
				"down": {"uv": [7.625, 10.25, 8.375, 10.375], "texture": "#claymore"}
			}
		},
		{
			"name": "Box10",
			"from": [7.75, 2.25, 8],
			"to": [8.25, 14.5, 8.25],
			"faces": {
				"north": {"uv": [8.25, 1.5, 7.75, 13.75], "texture": "#claymore"},
				"east": {"uv": [8.25, 13.75, 8.125, 1.5], "rotation": 180, "texture": "#claymore"},
				"south": {"uv": [7.75, 1.5, 8.25, 13.75], "texture": "#claymore"},
				"west": {"uv": [7.75, 1.5, 7.875, 13.75], "texture": "#claymore"},
				"up": {"uv": [7.75, 1.625, 8.25, 1.5], "texture": "#claymore"},
				"down": {"uv": [7.75, 13.625, 8.25, 13.75], "texture": "#claymore"}
			}
		},
		{
			"name": "Box11",
			"from": [7.875, 2.125, 8],
			"to": [8.125, 14.625, 8.25],
			"faces": {
				"north": {"uv": [8.125, 1.375, 7.875, 13.875], "texture": "#claymore"},
				"east": {"uv": [8.125, 13.875, 8, 1.375], "rotation": 180, "texture": "#claymore"},
				"south": {"uv": [7.875, 1.375, 8.125, 13.875], "texture": "#claymore"},
				"west": {"uv": [7.875, 1.375, 8, 13.875], "texture": "#claymore"},
				"up": {"uv": [7.875, 1.5, 8.125, 1.375], "texture": "#claymore"},
				"down": {"uv": [7.875, 13.75, 8.125, 13.875], "texture": "#claymore"}
			}
		},
		{
			"name": "Box12",
			"from": [8.5, 5.625, 8.0625],
			"to": [9.125, 5.75, 8.20313],
			"faces": {
				"north": {"uv": [9.125, 10.25, 8.5, 10.375], "texture": "#claymore"},
				"east": {"uv": [9.125, 10.375, 9, 10.25], "rotation": 180, "texture": "#claymore"},
				"south": {"uv": [8.5, 10.25, 9.125, 10.375], "texture": "#claymore"},
				"west": {"uv": [8.5, 10.25, 8.625, 10.375], "texture": "#claymore"},
				"up": {"uv": [8.5, 10.375, 9.125, 10.25], "texture": "#claymore"},
				"down": {"uv": [8.5, 10.25, 9.125, 10.375], "texture": "#claymore"}
			}
		},
		{
			"name": "Box13",
			"from": [8.75, 5.75, 8.0625],
			"to": [9, 5.875, 8.20313],
			"faces": {
				"north": {"uv": [9, 10.125, 8.75, 10.25], "texture": "#claymore"},
				"east": {"uv": [9, 10.25, 8.875, 10.125], "rotation": 180, "texture": "#claymore"},
				"south": {"uv": [8.75, 10.125, 9, 10.25], "texture": "#claymore"},
				"west": {"uv": [8.75, 10.125, 8.875, 10.25], "texture": "#claymore"},
				"up": {"uv": [8.75, 10.25, 9, 10.125], "texture": "#claymore"},
				"down": {"uv": [8.75, 10.125, 9, 10.25], "texture": "#claymore"}
			}
		},
		{
			"name": "Box14",
			"from": [9, 5.875, 8.0625],
			"to": [9.125, 6, 8.20313],
			"faces": {
				"north": {"uv": [9.125, 10, 9, 10.125], "texture": "#claymore"},
				"east": {"uv": [9.125, 10.125, 9, 10], "rotation": 180, "texture": "#claymore"},
				"south": {"uv": [9, 10, 9.125, 10.125], "texture": "#claymore"},
				"west": {"uv": [9, 10, 9.125, 10.125], "texture": "#claymore"},
				"up": {"uv": [9, 10.125, 9.125, 10], "texture": "#claymore"},
				"down": {"uv": [9, 10, 9.125, 10.125], "texture": "#claymore"}
			}
		},
		{
			"name": "Box15",
			"from": [9.125, 5.75, 8.0625],
			"to": [9.25, 5.875, 8.20313],
			"faces": {
				"north": {"uv": [9.25, 10.125, 9.125, 10.25], "texture": "#claymore"},
				"east": {"uv": [9.25, 10.25, 9.125, 10.125], "rotation": 180, "texture": "#claymore"},
				"south": {"uv": [9.125, 10.125, 9.25, 10.25], "texture": "#claymore"},
				"west": {"uv": [9.125, 10.125, 9.25, 10.25], "texture": "#claymore"},
				"up": {"uv": [9.125, 10.25, 9.25, 10.125], "texture": "#claymore"},
				"down": {"uv": [9.125, 10.125, 9.25, 10.25], "texture": "#claymore"}
			}
		},
		{
			"name": "Box10",
			"from": [7.875, 2.25, 7.9375],
			"to": [8.125, 5.625, 8.3125],
			"faces": {
				"north": {"uv": [8.125, 10.375, 7.875, 13.75], "texture": "#claymore"},
				"east": {"uv": [8.125, 10.375, 8, 13.75], "texture": "#claymore"},
				"south": {"uv": [7.875, 10.375, 8.125, 13.75], "texture": "#claymore"},
				"west": {"uv": [7.875, 10.375, 8, 13.75], "texture": "#claymore"},
				"up": {"uv": [7.875, 10.5, 8.125, 10.375], "texture": "#claymore"},
				"down": {"uv": [7.875, 13.625, 8.125, 13.75], "texture": "#claymore"}
			}
		},
		{
			"name": "Box6",
			"from": [7.75, 5, 7.875],
			"to": [8.25, 5.625, 8.375],
			"faces": {
				"north": {"uv": [8.25, 10.375, 7.75, 11], "texture": "#claymore"},
				"east": {"uv": [8.25, 10.375, 8.125, 11], "texture": "#claymore"},
				"south": {"uv": [7.75, 10.375, 8.25, 11], "texture": "#claymore"},
				"west": {"uv": [7.75, 10.375, 7.875, 11], "texture": "#claymore"},
				"up": {"uv": [7.75, 10.5, 8.25, 10.375], "texture": "#claymore"},
				"down": {"uv": [7.75, 10.875, 8.25, 11], "texture": "#claymore"}
			}
		}
	],
	"display": {
		"thirdperson_righthand": {
			"rotation": [0, -90, 0],
			"translation": [0.4, 7, 1],
			"scale": [2.4, 2.4, 2.4]
		},
		"thirdperson_lefthand": {
			"rotation": [0, 90, 0],
			"translation": [0, 7, 1],
			"scale": [2.4, 2.4, 2.4]
		},
		"firstperson_righthand": {
			"rotation": [17, -90, 0],
			"translation": [2.6, 5, -0.008],
			"scale": [1.6, 1.6, 1.6]
		},
		"firstperson_lefthand": {
			"rotation": [17, 90, 0],
			"translation": [2.6, 5, -0.008],
			"scale": [1.6, 1.6, 1.6]
		},
		"ground": {
			"rotation": [0, 0, -45],
			"translation": [0, 3.3956, 0],
			"scale": [1.7, 1.7, 1.7]
		},
		"gui": {
			"rotation": [0, 0, -45],
			"scale": [1.4, 1.4, 1.4]
		},
		"head": {
			"rotation": [0, 0, 45],
			"translation": [0, 19, 0],
			"scale": [2, 2, 2]
		},
		"fixed": {
			"rotation": [0, 0, 90],
			"translation": [2, -0.5, -2],
			"scale": [4, 4, 4]
		}
	}
}