{
	"credit": "Made with Blockbench",
	"texture_size": [32, 32],
	"textures": {
		"0": "cits/goddess_longsword_recreationjson",
		"particle": "cits/goddess_longsword_recreationjson"
	},
	"elements": [
		{
			"from": [7.85, 0, 8.9],
			"to": [9.25, 12, 9.15],
			"faces": {
				"north": {"uv": [2, 0, 4, 12], "texture": "#0"},
				"east": {"uv": [4, 0, 4.5, 12], "texture": "#0"},
				"south": {"uv": [2, 0, 4, 12], "texture": "#0"},
				"west": {"uv": [4, 0, 4.5, 12], "texture": "#0"},
				"up": {"uv": [2, 0, 4, 0.5], "texture": "#0"},
				"down": {"uv": [4, 10.5, 4.5, 12], "texture": "#0"}
			}
		},
		{
			"from": [7.55, -4, 9.05],
			"to": [9.55, 12, 9.05],
			"faces": {
				"north": {"uv": [0, 0, 2, 16], "texture": "#0"},
				"east": {"uv": [0, 0, 1, 7.5], "texture": "#0"},
				"south": {"uv": [0, 0, 2, 16], "texture": "#0"},
				"west": {"uv": [0, 0, 1, 7.5], "texture": "#0"},
				"up": {"uv": [0, 0, 1, 7.5], "texture": "#0"},
				"down": {"uv": [0, 0, 1, 7.5], "texture": "#0"}
			}
		},
		{
			"from": [7.75, 12, 9.05],
			"to": [9.35, 15, 9.05],
			"faces": {
				"north": {"uv": [14, 8, 16, 11], "texture": "#0"},
				"east": {"uv": [0, 0, 1, 7.5], "texture": "#0"},
				"south": {"uv": [14, 8, 16, 11], "texture": "#0"},
				"west": {"uv": [0, 0, 1, 7.5], "texture": "#0"},
				"up": {"uv": [0, 0, 1, 7.5], "texture": "#0"},
				"down": {"uv": [0, 0, 1, 7.5], "texture": "#0"}
			}
		},
		{
			"from": [1.75, 16.75, 8.75],
			"to": [4.75, 17.75, 9.25],
			"rotation": {"angle": -22.5, "axis": "z", "origin": [0, 0, 0]},
			"faces": {
				"north": {"uv": [8.5, 5, 9.5, 8], "rotation": 90, "texture": "#0"},
				"east": {"uv": [10, 4.5, 11, 5], "rotation": 270, "texture": "#0"},
				"south": {"uv": [10, 5, 11, 8], "rotation": 270, "texture": "#0"},
				"west": {"uv": [8.5, 4.5, 9.5, 5], "rotation": 270, "texture": "#0"},
				"up": {"uv": [9.5, 5, 10, 8], "rotation": 270, "texture": "#0"},
				"down": {"uv": [11, 5, 11.5, 8], "rotation": 270, "texture": "#0"}
			}
		},
		{
			"from": [7.5, 15.75, 8.75],
			"to": [9.5, 16.75, 9.25],
			"faces": {
				"north": {"uv": [8.5, 2, 9.5, 4], "rotation": 90, "texture": "#0"},
				"east": {"uv": [10, 4, 11, 4.5], "rotation": 270, "texture": "#0"},
				"south": {"uv": [10, 2, 11, 4], "rotation": 90, "texture": "#0"},
				"west": {"uv": [8.5, 4, 9.5, 4.5], "rotation": 270, "texture": "#0"},
				"up": {"uv": [9.5, 2, 10, 4], "rotation": 90, "texture": "#0"},
				"down": {"uv": [11, 2, 11.5, 4], "rotation": 90, "texture": "#0"}
			}
		},
		{
			"from": [7.5, 20, 8.75],
			"to": [9.5, 20.75, 9.25],
			"faces": {
				"north": {"uv": [9.5, 6, 10.25, 8], "rotation": 270, "texture": "#0"},
				"east": {"uv": [9.5, 1.5, 10.25, 2], "rotation": 270, "texture": "#0"},
				"south": {"uv": [10.5, 6, 11.25, 8], "rotation": 270, "texture": "#0"},
				"west": {"uv": [14, 6, 14.75, 6.5], "rotation": 270, "texture": "#0"},
				"up": {"uv": [11.5, 4.5, 12, 6.5], "rotation": 270, "texture": "#0"},
				"down": {"uv": [12.5, 2.5, 13, 4.5], "rotation": 270, "texture": "#0"}
			}
		},
		{
			"from": [10.75, 10.25, 8.76],
			"to": [13.75, 11.25, 9.24],
			"rotation": {"angle": 22.5, "axis": "z", "origin": [0, 0, 0]},
			"faces": {
				"north": {"uv": [8.5, 0, 9.5, 3], "rotation": 270, "texture": "#0"},
				"east": {"uv": [10, 3, 11, 3.5], "rotation": 270, "texture": "#0"},
				"south": {"uv": [10, 0, 11, 3], "rotation": 270, "texture": "#0"},
				"west": {"uv": [8.5, 3, 9.5, 3.5], "rotation": 270, "texture": "#0"},
				"up": {"uv": [9.5, 0, 10, 3], "rotation": 270, "texture": "#0"},
				"down": {"uv": [11, 0, 11.5, 3], "rotation": 270, "texture": "#0"}
			}
		},
		{
			"from": [11.75, 10.75, 8.8],
			"to": [13.75, 11.75, 9.2],
			"rotation": {"angle": 22.5, "axis": "z", "origin": [0, 1, 0]},
			"faces": {
				"north": {"uv": [15, 6, 16, 8], "rotation": 90, "texture": "#0"},
				"east": {"uv": [13.5, 5.5, 14.5, 5.9], "rotation": 270, "texture": "#0"},
				"south": {"uv": [13.5, 6, 14.5, 8], "rotation": 90, "texture": "#0"},
				"west": {"uv": [15, 5.5, 16, 5.9], "rotation": 270, "texture": "#0"},
				"up": {"uv": [14.5, 6, 14.9, 8], "rotation": 270, "texture": "#0"},
				"down": {"uv": [13, 6, 13.4, 8], "rotation": 270, "texture": "#0"}
			}
		},
		{
			"from": [1.75, 17.25, 8.81],
			"to": [3.75, 18.25, 9.19],
			"rotation": {"angle": -22.5, "axis": "z", "origin": [0, 1, 0]},
			"faces": {
				"north": {"uv": [15, 0, 16, 2], "rotation": 90, "texture": "#0"},
				"east": {"uv": [13.5, 2, 14.5, 2.4], "rotation": 270, "texture": "#0"},
				"south": {"uv": [13.5, 0, 14.5, 2], "rotation": 270, "texture": "#0"},
				"west": {"uv": [15, 2, 16, 2.4], "rotation": 270, "texture": "#0"},
				"up": {"uv": [14.5, 0, 14.9, 2], "rotation": 270, "texture": "#0"},
				"down": {"uv": [13, 0, 13.4, 2], "rotation": 270, "texture": "#0"}
			}
		},
		{
			"from": [12, 16.25, 8.85],
			"to": [14, 17.25, 9.15],
			"rotation": {"angle": 22.5, "axis": "z", "origin": [0, 8, 0]},
			"faces": {
				"north": {"uv": [12, 7.5, 12.5, 8], "rotation": 90, "texture": "#0"},
				"east": {"uv": [12, 7.5, 12.5, 8], "rotation": 90, "texture": "#0"},
				"south": {"uv": [12, 7.5, 12.5, 8], "rotation": 90, "texture": "#0"},
				"west": {"uv": [12, 7.5, 12.5, 8], "rotation": 90, "texture": "#0"},
				"up": {"uv": [12, 7.5, 12.5, 8], "rotation": 90, "texture": "#0"},
				"down": {"uv": [12, 7.5, 12.5, 8], "rotation": 90, "texture": "#0"}
			}
		},
		{
			"from": [8, 20, 8.9],
			"to": [9, 22, 9.1],
			"rotation": {"angle": 0, "axis": "z", "origin": [0, 8, 0]},
			"faces": {
				"north": {"uv": [11.5, 7.5, 12, 8], "rotation": 90, "texture": "#0"},
				"east": {"uv": [11.5, 7.5, 12, 8], "rotation": 90, "texture": "#0"},
				"south": {"uv": [11.5, 7.5, 12, 8], "rotation": 90, "texture": "#0"},
				"west": {"uv": [11.5, 7.5, 12, 8], "rotation": 90, "texture": "#0"},
				"up": {"uv": [11.5, 7.5, 12, 8], "rotation": 90, "texture": "#0"},
				"down": {"uv": [11.5, 7.5, 12, 8], "rotation": 90, "texture": "#0"}
			}
		},
		{
			"from": [1.75, 22.75, 8.8],
			"to": [3.75, 23.75, 9.2],
			"rotation": {"angle": -22.5, "axis": "z", "origin": [0, 8, 0]},
			"faces": {
				"north": {"uv": [11.5, 6.5, 12, 7], "rotation": 90, "texture": "#0"},
				"east": {"uv": [11.5, 6.5, 12, 7], "rotation": 90, "texture": "#0"},
				"south": {"uv": [11.5, 6.5, 12, 7], "rotation": 90, "texture": "#0"},
				"west": {"uv": [11.5, 6.5, 12, 7], "rotation": 90, "texture": "#0"},
				"up": {"uv": [11.5, 6.5, 12, 7], "rotation": 90, "texture": "#0"},
				"down": {"uv": [11.5, 6.5, 12, 7], "rotation": 90, "texture": "#0"}
			}
		},
		{
			"from": [8, 16.25, 8.8],
			"to": [9, 20.25, 9.2],
			"rotation": {"angle": 0, "axis": "z", "origin": [0, 1, 0]},
			"faces": {
				"north": {"uv": [5, 0, 6, 5], "rotation": 180, "texture": "#0"},
				"east": {"uv": [7.5, 0, 8, 5], "rotation": 180, "texture": "#0"},
				"south": {"uv": [7, 0, 8, 5], "rotation": 180, "texture": "#0"},
				"west": {"uv": [6, 0, 6.5, 5], "rotation": 180, "texture": "#0"},
				"up": {"uv": [0, 0, 0.4, 1], "rotation": 270, "texture": "#0"},
				"down": {"uv": [0, 0, 0.4, 1], "rotation": 270, "texture": "#0"}
			}
		},
		{
			"from": [-4.5, 15.5, 8.6],
			"to": [-3.5, 16.5, 9.4],
			"rotation": {"angle": -45, "axis": "z", "origin": [0, 0, 0]},
			"faces": {
				"north": {"uv": [4.5, 8, 7, 10.5], "texture": "#0"},
				"east": {"uv": [6.5, 8, 7, 10.5], "texture": "#0"},
				"south": {"uv": [4.5, 8, 7, 10.5], "texture": "#0"},
				"west": {"uv": [4.5, 8, 5, 10.5], "texture": "#0"},
				"up": {"uv": [4.5, 8, 7, 8.5], "texture": "#0"},
				"down": {"uv": [4.5, 10, 7, 10.5], "texture": "#0"}
			}
		}
	],
	"display": {
		"thirdperson_righthand": {
			"rotation": [-180, -90, 0],
			"translation": [1.25, 11, 0.5],
			"scale": [1.25, 1.25, 1.25]
		},
		"thirdperson_lefthand": {
			"rotation": [-180, -90, 0],
			"translation": [1.25, 11, 0.5],
			"scale": [1.25, 1.25, 1.25]
		},
		"firstperson_righthand": {
			"rotation": [153.5, -90, 0],
			"translation": [1.25, 10, -5.5],
			"scale": [1.25, 1.25, 1.25]
		},
		"firstperson_lefthand": {
			"rotation": [153.5, -90, 0],
			"translation": [1.25, 10, -5.5],
			"scale": [1.25, 1.25, 1.25]
		},
		"ground": {
			"rotation": [0, 0, 54.25],
			"translation": [0, 1.75, 0],
			"scale": [0.75, 0.75, 0.75]
		},
		"gui": {
			"rotation": [0, 0, 145],
			"translation": [3.25, 1.25, 0],
			"scale": [1.25, 1.25, 1.25]
		},
		"head": {
			"translation": [0, 16, 0]
		},
		"fixed": {
			"rotation": [-90, 90, 0],
			"translation": [0, 0, -18.5],
			"scale": [2, 2, 2]
		}
	}
}