{
	"textures": {
		"0": "item/pilum",
		"particle": "item/pilum"
	},
	"elements": [
		{
			"from": [7.71001, 0.83929, 8.80363],
			"to": [8.29001, 1.83929, 9.38363],
			"rotation": {"angle": 0, "axis": "y", "origin": [8.00001, 7.83929, 8.80363]},
			"faces": {
				"north": {"uv": [15, 3.5, 16, 5.5], "texture": "#0"},
				"east": {"uv": [15, 3.5, 16, 5.5], "texture": "#0"},
				"south": {"uv": [15, 3.5, 16, 5.5], "texture": "#0"},
				"west": {"uv": [15, 3.5, 16, 5.5], "texture": "#0"},
				"up": {"uv": [15, 3.5, 16, 5.5], "texture": "#0"},
				"down": {"uv": [15, 3.5, 16, 5.5], "texture": "#0"}
			}
		},
		{
			"from": [7.71001, 13.63417, 8.80363],
			"to": [8.29001, 14.63417, 9.38363],
			"rotation": {"angle": 0, "axis": "y", "origin": [8.00001, 7.63417, 8.80363]},
			"faces": {
				"north": {"uv": [15, 3.5, 16, 5.5], "texture": "#0"},
				"east": {"uv": [15, 3.5, 16, 5.5], "texture": "#0"},
				"south": {"uv": [15, 3.5, 16, 5.5], "texture": "#0"},
				"west": {"uv": [15, 4.5, 16, 6.5], "texture": "#0"},
				"up": {"uv": [15, 3.5, 16, 5.5], "texture": "#0"},
				"down": {"uv": [15, 3.5, 16, 5.5], "texture": "#0"}
			}
		},
		{
			"from": [7.9293, 1.83929, 9.02081],
			"to": [8.0743, 13.63417, 9.16581],
			"rotation": {"angle": 0, "axis": "y", "origin": [8.0024, 7.73482, 9.09319]},
			"faces": {
				"north": {"uv": [11, 6, 11.5, 6.5], "texture": "#0"},
				"east": {"uv": [11, 6, 11.5, 6.5], "texture": "#0"},
				"south": {"uv": [11, 6, 11.5, 6.5], "texture": "#0"},
				"west": {"uv": [11, 6, 11.5, 6.5], "texture": "#0"},
				"up": {"uv": [11, 6, 11.5, 6.5], "texture": "#0"},
				"down": {"uv": [11, 6, 11.5, 6.5], "texture": "#0"}
			}
		},
		{
			"from": [7.71001, 6.5642, 6.93436],
			"to": [8.29001, 8.9093, 7.51336],
			"rotation": {"angle": 0, "axis": "y", "origin": [8.00001, 13.23673, 6.93436]},
			"faces": {
				"north": {"uv": [8.5, 3, 10.5, 12], "rotation": 180, "texture": "#0"},
				"east": {"uv": [8.5, 3, 10.5, 12], "rotation": 180, "texture": "#0"},
				"south": {"uv": [8.5, 3, 10.5, 12], "rotation": 180, "texture": "#0"},
				"west": {"uv": [8.5, 3, 10.5, 12], "rotation": 180, "texture": "#0"},
				"up": {"uv": [8.5, 3, 10.5, 12], "rotation": 180, "texture": "#0"},
				"down": {"uv": [8.5, 3, 10.5, 12], "rotation": 180, "texture": "#0"}
			}
		},
		{
			"from": [7.7101, 8.9093, 6.93436],
			"to": [8.29001, 9.23673, 7.51336],
			"rotation": {"angle": 0, "axis": "y", "origin": [8.00001, 12.58183, 6.93436]},
			"faces": {
				"north": {"uv": [10, 12.5, 11, 14.5], "rotation": 180, "texture": "#0"},
				"east": {"uv": [10, 12.5, 11, 14.5], "rotation": 180, "texture": "#0"},
				"south": {"uv": [10, 12.5, 11, 14.5], "rotation": 180, "texture": "#0"},
				"west": {"uv": [10, 12.5, 11, 14.5], "rotation": 180, "texture": "#0"},
				"up": {"uv": [10, 12.5, 11, 14.5], "rotation": 180, "texture": "#0"},
				"down": {"uv": [10, 12.5, 11, 14.5], "rotation": 180, "texture": "#0"}
			}
		},
		{
			"from": [7.7101, 6.23673, 6.93436],
			"to": [8.28992, 6.5642, 7.51336],
			"rotation": {"angle": 0, "axis": "y", "origin": [7.99992, 12.9093, 6.93436]},
			"faces": {
				"north": {"uv": [10, 12.5, 11, 14.5], "texture": "#0"},
				"east": {"uv": [10, 12.5, 11, 14.5], "texture": "#0"},
				"south": {"uv": [10, 12.5, 11, 14.5], "texture": "#0"},
				"west": {"uv": [10, 12.5, 11, 14.5], "texture": "#0"},
				"up": {"uv": [10, 12.5, 11, 14.5], "texture": "#0"},
				"down": {"uv": [10, 12.5, 11, 14.5], "texture": "#0"}
			}
		},
		{
			"from": [7.71001, -0.39548, 11.14389],
			"to": [8.29001, 0.60452, 11.72389],
			"rotation": {"angle": 22.5, "axis": "x", "origin": [8.00001, 6.60452, 11.14389]},
			"faces": {
				"north": {"uv": [15, 13.5, 16, 15.5], "texture": "#0"},
				"east": {"uv": [15, 13.5, 16, 15.5], "texture": "#0"},
				"south": {"uv": [15, 13.5, 16, 15.5], "texture": "#0"},
				"west": {"uv": [15, 13.5, 16, 15.5], "texture": "#0"},
				"up": {"uv": [15, 13.5, 16, 15.5], "texture": "#0"},
				"down": {"uv": [15, 15, 15.5, 15.5], "texture": "#0"}
			}
		},
		{
			"from": [7.71001, 13.80325, 5.78631],
			"to": [8.29001, 14.80325, 6.36631],
			"rotation": {"angle": -22.5, "axis": "x", "origin": [8.00001, 21.80325, 5.78631]},
			"faces": {
				"north": {"uv": [15, 3.5, 16, 5.5], "texture": "#0"},
				"east": {"uv": [15, 8, 16, 10], "texture": "#0"},
				"south": {"uv": [15, 3.5, 16, 5.5], "texture": "#0"},
				"west": {"uv": [15, 3, 16, 5], "texture": "#0"},
				"up": {"uv": [15, 15, 15.5, 15.5], "texture": "#0"},
				"down": {"uv": [15, 3.5, 16, 5.5], "texture": "#0"}
			}
		},
		{
			"from": [7.7101, 1.16061, 6.55168],
			"to": [8.2899, 6.16061, 7.13168],
			"rotation": {"angle": -22.5, "axis": "x", "origin": [8.00002, 7.16061, 6.55168]},
			"faces": {
				"north": {"uv": [15, 3.5, 16, 13.5], "texture": "#0"},
				"east": {"uv": [15, 3.5, 16, 13.5], "texture": "#0"},
				"south": {"uv": [15, 3.5, 16, 13.5], "texture": "#0"},
				"west": {"uv": [15, 3.5, 16, 13.5], "texture": "#0"},
				"up": {"uv": [15, 3.5, 16, 13.5], "texture": "#0"},
				"down": {"uv": [15, 3.5, 16, 13.5], "texture": "#0"}
			}
		},
		{
			"from": [7.7101, 9.09089, 6.50753],
			"to": [8.2899, 14.09089, 7.08753],
			"rotation": {"angle": 22.5, "axis": "x", "origin": [8.00001, 8.09089, 7.08753]},
			"faces": {
				"north": {"uv": [15, 3.5, 16, 13.5], "rotation": 180, "texture": "#0"},
				"east": {"uv": [15, 3.5, 16, 13.5], "rotation": 180, "texture": "#0"},
				"south": {"uv": [15, 3.5, 16, 13.5], "rotation": 180, "texture": "#0"},
				"west": {"uv": [15, 3.5, 16, 13.5], "rotation": 180, "texture": "#0"},
				"up": {"uv": [15, 3.5, 16, 13.5], "rotation": 180, "texture": "#0"},
				"down": {"uv": [15, 3.5, 16, 13.5], "rotation": 180, "texture": "#0"}
			}
		}
	],
	"gui_light": "front",
	"display": {
		"thirdperson_righthand": {
			"rotation": [0, -9, 5.75],
			"translation": [-1.75, -1.5, 1],
			"scale": [1.55859, 1.75, 1.37891]
		},
		"thirdperson_lefthand": {
			"rotation": [0, -9, 5.75],
			"translation": [-1.75, -1.5, 1],
			"scale": [-1.55859, 1.75, 1.37891]
		},
		"firstperson_righthand": {
			"rotation": [0, 0, 11.5],
			"translation": [0, 4.25, 0],
			"scale": [1.55859, 1.75, 1.37891]
		},
		"firstperson_lefthand": {
			"rotation": [0, 0, 11.5],
			"translation": [0, 4.25, 0],
			"scale": [1.55859, 1.75, 1.37891]
		},
		"ground": {
			"translation": [0, 4.25, 0]
		},
		"gui": {
			"rotation": [64.75, 50, 109.5],
			"translation": [-0.75, 0.5, 0],
			"scale": [2, 1, 1.5]
		},
		"fixed": {
			"rotation": [0, -90, 0],
			"translation": [0, 0.5, 0.5],
			"scale": [3.11718, 3.5, 2.75782]
		}
	},
    "overrides": [
        {
            "predicate": {
                "pulling": 1
            },
            "model": "item/bow_pulling_0"
        },
        {
            "predicate": {
                "pulling": 1,
                "pull": 0.65
            },
            "model": "item/bow_pulling_1"
        },
        {
            "predicate": {
                "pulling": 1,
                "pull": 0.9
            },
            "model": "item/bow_pulling_2"
        }
    ]
}