{
	"textures": {
		"0": "entity/projectiles/arrow",
		"1": "item/pilum",
		"particle": "entity/projectiles/arrow"
	},
	"elements": [
		{
			"from": [7.71002, 1.56939, 9.48896],
			"to": [8.29002, 2.56939, 10.06896],
			"rotation": {"angle": 0, "axis": "y", "origin": [8.00002, 8.56939, 9.48896]},
			"faces": {
				"north": {"uv": [15, 11, 16, 13], "rotation": 180, "texture": "#1"},
				"east": {"uv": [15, 11, 16, 13], "rotation": 180, "texture": "#1"},
				"south": {"uv": [15, 11, 16, 13], "rotation": 180, "texture": "#1"},
				"west": {"uv": [15, 11, 16, 13], "rotation": 180, "texture": "#1"},
				"up": {"uv": [15, 11, 16, 13], "rotation": 180, "texture": "#1"},
				"down": {"uv": [15, 11, 16, 13], "rotation": 180, "texture": "#1"}
			}
		},
		{
			"from": [7.71002, 12.90408, 9.48895],
			"to": [8.29002, 13.90408, 10.06895],
			"rotation": {"angle": 0, "axis": "y", "origin": [8.00002, 6.90408, 9.48895]},
			"faces": {
				"north": {"uv": [15, 11, 16, 13], "texture": "#1"},
				"east": {"uv": [15, 11, 16, 13], "texture": "#1"},
				"south": {"uv": [15, 11, 16, 13], "texture": "#1"},
				"west": {"uv": [15, 11, 16, 13], "texture": "#1"},
				"up": {"uv": [15, 11, 16, 13], "texture": "#1"},
				"down": {"uv": [15, 11, 16, 13], "texture": "#1"}
			}
		},
		{
			"from": [7.92928, 7.28455, 11.91677],
			"to": [8.07428, 8.18527, 12.0713],
			"rotation": {"angle": 0, "axis": "y", "origin": [8.01558, 2.28592, 11.33916]},
			"faces": {
				"north": {"uv": [11, 6, 11.5, 6.5], "texture": "#1"},
				"east": {"uv": [11, 6, 11.5, 6.5], "texture": "#1"},
				"south": {"uv": [11, 6, 11.5, 6.5], "texture": "#1"},
				"west": {"uv": [11, 6, 11.5, 6.5], "texture": "#1"},
				"up": {"uv": [11, 6, 11.5, 6.5], "texture": "#1"},
				"down": {"uv": [11, 6, 11.5, 6.5], "texture": "#1"}
			}
		},
		{
			"from": [7.92928, 7.85358, 11.99405],
			"to": [8.07428, 13.74747, 12.13905],
			"rotation": {"angle": -22.5, "axis": "x", "origin": [8.00237, 7.84912, 11.27143]},
			"faces": {
				"north": {"uv": [11, 6, 11.5, 6.5], "texture": "#1"},
				"east": {"uv": [11, 6, 11.5, 6.5], "texture": "#1"},
				"south": {"uv": [11, 6, 11.5, 6.5], "texture": "#1"},
				"west": {"uv": [11, 6, 11.5, 6.5], "texture": "#1"},
				"up": {"uv": [11, 6, 11.5, 6.5], "texture": "#1"},
				"down": {"uv": [11, 6, 11.5, 6.5], "texture": "#1"}
			}
		},
		{
			"from": [7.92928, 2.17168, 9.73514],
			"to": [8.07428, 8.06556, 9.88014],
			"rotation": {"angle": 22.5, "axis": "x", "origin": [8.00237, 2.16721, 9.01252]},
			"faces": {
				"north": {"uv": [11, 6, 11.5, 6.5], "texture": "#1"},
				"east": {"uv": [11, 6, 11.5, 6.5], "texture": "#1"},
				"south": {"uv": [11, 6, 11.5, 6.5], "texture": "#1"},
				"west": {"uv": [11, 6, 11.5, 6.5], "texture": "#1"},
				"up": {"uv": [11, 6, 11.5, 6.5], "texture": "#1"},
				"down": {"uv": [11, 6, 11.5, 6.5], "texture": "#1"}
			}
		},
		{
			"from": [7.71, 6.5642, 6.93436],
			"to": [8.29, 8.9093, 7.51336],
			"rotation": {"angle": 0, "axis": "y", "origin": [8.00001, 13.23673, 6.93436]},
			"faces": {
				"north": {"uv": [8.5, 3, 10.5, 12], "texture": "#1"},
				"east": {"uv": [8.5, 3, 10.5, 12], "texture": "#1"},
				"south": {"uv": [8.5, 3, 10.5, 12], "texture": "#1"},
				"west": {"uv": [8.5, 3, 10.5, 12], "texture": "#1"},
				"up": {"uv": [8.5, 3, 10.5, 12], "texture": "#1"},
				"down": {"uv": [8.5, 3, 10.5, 12], "texture": "#1"}
			}
		},
		{
			"from": [7.71, 8.9093, 6.93436],
			"to": [8.29001, 9.23673, 7.51336],
			"rotation": {"angle": 0, "axis": "y", "origin": [8.00002, 13.81416, 6.93436]},
			"faces": {
				"north": {"uv": [10, 12.5, 11, 14.5], "rotation": 180, "texture": "#1"},
				"east": {"uv": [10, 12.5, 11, 14.5], "rotation": 180, "texture": "#1"},
				"south": {"uv": [10, 12.5, 11, 14.5], "rotation": 180, "texture": "#1"},
				"west": {"uv": [10, 12.5, 11, 14.5], "rotation": 180, "texture": "#1"},
				"up": {"uv": [10, 12.5, 11, 14.5], "rotation": 180, "texture": "#1"},
				"down": {"uv": [10, 12.5, 11, 14.5], "rotation": 180, "texture": "#1"}
			}
		},
		{
			"from": [7.71002, 6.23673, 6.93436],
			"to": [8.29001, 6.5642, 7.51336],
			"rotation": {"angle": 0, "axis": "y", "origin": [8.00002, 11.39163, 6.93436]},
			"faces": {
				"north": {"uv": [10, 12.5, 11, 14.5], "texture": "#1"},
				"east": {"uv": [10, 12.5, 11, 14.5], "texture": "#1"},
				"south": {"uv": [10, 12.5, 11, 14.5], "texture": "#1"},
				"west": {"uv": [10, 12.5, 11, 14.5], "texture": "#1"},
				"up": {"uv": [10, 12.5, 11, 14.5], "texture": "#1"},
				"down": {"uv": [10, 12.5, 11, 14.5], "texture": "#1"}
			}
		},
		{
			"from": [7.71002, 0.33462, 11.82921],
			"to": [8.29002, 1.33462, 12.40921],
			"rotation": {"angle": 22.5, "axis": "x", "origin": [8.00002, 7.33462, 11.82921]},
			"faces": {
				"north": {"uv": [15, 14, 16, 15.5], "texture": "#1"},
				"east": {"uv": [15, 14, 16, 15.5], "texture": "#1"},
				"south": {"uv": [15, 14, 16, 15.5], "texture": "#1"},
				"west": {"uv": [15, 14, 16, 15.5], "texture": "#1"},
				"up": {"uv": [15, 14, 16, 15.5], "texture": "#1"},
				"down": {"uv": [15, 15, 15.5, 15.5], "texture": "#1"}
			}
		},
		{
			"from": [7.71002, 13.07315, 6.47164],
			"to": [8.29002, 14.07315, 7.05164],
			"rotation": {"angle": -22.5, "axis": "x", "origin": [8.00002, 21.07315, 6.47164]},
			"faces": {
				"north": {"uv": [15, 14, 16, 15.5], "rotation": 180, "texture": "#1"},
				"east": {"uv": [15, 14, 16, 15.5], "rotation": 180, "texture": "#1"},
				"south": {"uv": [15, 14, 16, 15.5], "rotation": 180, "texture": "#1"},
				"west": {"uv": [15, 14, 16, 15.5], "rotation": 180, "texture": "#1"},
				"up": {"uv": [15, 15, 15.5, 15.5], "rotation": 180, "texture": "#1"},
				"down": {"uv": [15, 14, 16, 15.5], "rotation": 180, "texture": "#1"}
			}
		},
		{
			"from": [7.71002, 3.66061, 6.55168],
			"to": [8.29002, 6.16061, 7.13168],
			"rotation": {"angle": -22.5, "axis": "x", "origin": [8.00002, 7.16061, 6.55168]},
			"faces": {
				"north": {"uv": [15, 3.5, 16, 8.5], "rotation": 180, "texture": "#1"},
				"east": {"uv": [15, 3.5, 16, 8.5], "rotation": 180, "texture": "#1"},
				"south": {"uv": [15, 3.5, 16, 8.5], "rotation": 180, "texture": "#1"},
				"west": {"uv": [15, 3.5, 16, 8.5], "rotation": 180, "texture": "#1"},
				"up": {"uv": [15, 3.5, 16, 8.5], "rotation": 180, "texture": "#1"},
				"down": {"uv": [15, 3.5, 16, 8.5], "rotation": 180, "texture": "#1"}
			}
		},
		{
			"from": [7.71002, 0.4019, 5.41619],
			"to": [8.29002, 2.9019, 5.99619],
			"rotation": {"angle": -45, "axis": "x", "origin": [8.00002, 6.4019, 5.41619]},
			"faces": {
				"north": {"uv": [15, 7, 16, 12], "texture": "#1"},
				"east": {"uv": [15, 7, 16, 12], "texture": "#1"},
				"south": {"uv": [15, 7, 16, 12], "texture": "#1"},
				"west": {"uv": [15, 7, 16, 12], "texture": "#1"},
				"up": {"uv": [15, 7, 16, 12], "texture": "#1"},
				"down": {"uv": [15, 7, 16, 12], "texture": "#1"}
			}
		},
		{
			"from": [7.71001, 9.09089, 6.50753],
			"to": [8.29001, 11.59089, 7.08753],
			"rotation": {"angle": 22.5, "axis": "x", "origin": [8.00001, 8.09089, 7.08753]},
			"faces": {
				"north": {"uv": [15, 3.5, 16, 8.5], "rotation": 180, "texture": "#1"},
				"east": {"uv": [15, 3.5, 16, 8.5], "rotation": 180, "texture": "#1"},
				"south": {"uv": [15, 3.5, 16, 8.5], "rotation": 180, "texture": "#1"},
				"west": {"uv": [15, 3.5, 16, 8.5], "rotation": 180, "texture": "#1"},
				"up": {"uv": [15, 3.5, 16, 8.5], "rotation": 180, "texture": "#1"},
				"down": {"uv": [15, 3.5, 16, 8.5], "rotation": 180, "texture": "#1"}
			}
		},
		{
			"from": [7.71002, 12.16144, 5.24631],
			"to": [8.29002, 14.66144, 5.82631],
			"rotation": {"angle": 45, "axis": "x", "origin": [8.00002, 8.66144, 5.82631]},
			"faces": {
				"north": {"uv": [15, 7, 16, 12], "rotation": 180, "texture": "#1"},
				"east": {"uv": [15, 7, 16, 12], "rotation": 180, "texture": "#1"},
				"south": {"uv": [15, 7, 16, 12], "rotation": 180, "texture": "#1"},
				"west": {"uv": [15, 7, 16, 12], "rotation": 180, "texture": "#1"},
				"up": {"uv": [15, 7, 16, 12], "rotation": 180, "texture": "#1"},
				"down": {"uv": [15, 7, 16, 12], "rotation": 180, "texture": "#1"}
			}
		},
		{
			"from": [7.4974, 7.6922, 4.0734],
			"to": [7.7026, 7.8974, 12.2814],
			"rotation": {"angle": 0, "axis": "x", "origin": [7.6, 7.7948, 5.715]},
			"faces": {
				"north": {"uv": [2, 1, 2.5, 1.5], "rotation": 270, "texture": "#0"},
				"east": {"uv": [2, 1, 6.5, 1.5], "rotation": 180, "texture": "#0"},
				"south": {"uv": [2, 1, 2.5, 1.5], "rotation": 90, "texture": "#0"},
				"west": {"uv": [2, 1, 6.5, 1.5], "texture": "#0"},
				"up": {"uv": [2, 1, 6.5, 1.5], "rotation": 90, "texture": "#0"},
				"down": {"uv": [2, 1, 6.5, 1.5], "rotation": 270, "texture": "#0"}
			}
		},
		{
			"from": [7.6, 6.1532, 8.9982],
			"to": [8.6, 9.4364, 12.2814],
			"rotation": {"angle": 0, "axis": "x", "origin": [7.6, 7.7948, 5.715]},
			"faces": {
				"west": {"uv": [7.75, 8.25, 3.75, 12.25], "rotation": 270, "texture": "#0"}
			}
		},
		{
			"from": [5.9584, 6.7948, 8.9982],
			"to": [9.2416, 7.7948, 12.2814],
			"rotation": {"angle": 0, "axis": "x", "origin": [7.6, 7.7948, 5.715]},
			"faces": {
				"up": {"uv": [7.75, 8.25, 3.75, 12.25], "texture": "#0"}
			}
		},
		{
			"from": [5.9756, 6.79478, 2.8422],
			"to": [9.2588, 7.79478, 6.5358],
			"rotation": {"angle": 0, "axis": "x", "origin": [7.6, 7.7948, 5.715]},
			"faces": {
				"up": {"uv": [14, 6.25, 10, 10.25], "texture": "#0"}
			}
		},
		{
			"from": [7.6, 6.1532, 2.8422],
			"to": [8.6, 9.4364, 6.5358],
			"rotation": {"angle": 0, "axis": "x", "origin": [7.6, 7.7948, 5.715]},
			"faces": {
				"west": {"uv": [10, 6.25, 14, 10.25], "rotation": 270, "texture": "#0"}
			}
		}
	],
	"gui_light": "front",
	"display": {
		"thirdperson_righthand": {
			"rotation": [0, -9, 5.75],
			"translation": [-1.75, -1.5, 1],
			"scale": [-1.55859, 1.75, 1.37891]
		},
		"thirdperson_lefthand": {
			"rotation": [0, -9, 5.75],
			"translation": [-1.75, -1.5, 1],
			"scale": [1.55859, 1.75, 1.37891]
		},
		"firstperson_righthand": {
			"rotation": [27.5, 6, 22.5],
			"translation": [-5.75, 3.4, 0.75],
			"scale": [-1.55859, 1.75, 1.37891]
		},
		"firstperson_lefthand": {
			"rotation": [27.5, 6, 22.5],
			"translation": [-5.75, 3.4, 0.75],
			"scale": [1.55859, 1.75, 1.37891]
		},
		"ground": {
			"translation": [0, 4.25, 0]
		},
		"gui": {
			"rotation": [64.75, 50, 109.5],
			"translation": [-0.75, 0.5, 0],
			"scale": [2, 1, 1.5]
		}
	},
	"groups": [0, 1, 2, 3, 4, 5, 6, 7, 8, 9, 10, 11, 12, 13,
		{
			"name": "arrow",
			"origin": [8, 8, 8],
			"children": [14, 15, 16, 17, 18]
		}
	]
}