{
	"textures": {
		"0": "entity/projectiles/arrow",
		"1": "item/pilum",
		"particle": "entity/projectiles/arrow"
	},
	"elements": [
		{
			"from": [7.70746, 1.11084, 7.81063],
			"to": [8.28746, 2.11084, 8.39063],
			"rotation": {"angle": -22.5, "axis": "x", "origin": [7.99746, 8.11084, 7.81063]},
			"faces": {
				"north": {"uv": [15, 10.5, 16, 12.5], "rotation": 180, "texture": "#1"},
				"east": {"uv": [15, 10.5, 16, 12.5], "rotation": 180, "texture": "#1"},
				"south": {"uv": [15, 10.5, 16, 12.5], "rotation": 180, "texture": "#1"},
				"west": {"uv": [15, 10.5, 16, 12.5], "rotation": 180, "texture": "#1"},
				"up": {"uv": [15, 10.5, 16, 12.5], "rotation": 180, "texture": "#1"},
				"down": {"uv": [15, 10.5, 16, 12.5], "rotation": 180, "texture": "#1"}
			}
		},
		{
			"from": [7.7119, 13.3661, 7.80942],
			"to": [8.2919, 14.3661, 8.38942],
			"rotation": {"angle": 22.5, "axis": "x", "origin": [8.0019, 7.3661, 7.80942]},
			"faces": {
				"north": {"uv": [15, 10.5, 16, 12.5], "texture": "#1"},
				"east": {"uv": [15, 10.5, 16, 12.5], "texture": "#1"},
				"south": {"uv": [15, 10.5, 16, 12.5], "texture": "#1"},
				"west": {"uv": [15, 10.5, 16, 12.5], "texture": "#1"},
				"up": {"uv": [15, 10.5, 16, 12.5], "texture": "#1"},
				"down": {"uv": [15, 10.5, 16, 12.5], "texture": "#1"}
			}
		},
		{
			"from": [7.92928, 7.28455, 12.81677],
			"to": [8.07428, 8.18527, 12.9713],
			"rotation": {"angle": 0, "axis": "y", "origin": [8.01558, 2.28592, 12.23916]},
			"faces": {
				"north": {"uv": [15, 0, 15.5, 0.5], "texture": "#1"},
				"east": {"uv": [15, 0, 15.5, 0.5], "texture": "#1"},
				"south": {"uv": [15, 0, 15.5, 0.5], "texture": "#1"},
				"west": {"uv": [15, 0, 15.5, 0.5], "texture": "#1"},
				"up": {"uv": [15, 0, 15.5, 0.5], "texture": "#1"},
				"down": {"uv": [15, 0, 15.5, 0.5], "texture": "#1"}
			}
		},
		{
			"from": [7.92928, 7.85358, 12.89405],
			"to": [8.07428, 13.74747, 13.03905],
			"rotation": {"angle": -22.5, "axis": "x", "origin": [8.00237, 7.84912, 12.17143]},
			"faces": {
				"north": {"uv": [15, 0, 15.5, 0.5], "texture": "#1"},
				"east": {"uv": [15, 0, 15.5, 0.5], "texture": "#1"},
				"south": {"uv": [15, 0, 15.5, 0.5], "texture": "#1"},
				"west": {"uv": [15, 0, 15.5, 0.5], "texture": "#1"},
				"up": {"uv": [15, 0, 15.5, 0.5], "texture": "#1"},
				"down": {"uv": [15, 0, 15.5, 0.5], "texture": "#1"}
			}
		},
		{
			"from": [7.92928, 2.17168, 10.63514],
			"to": [8.07428, 8.06556, 10.78014],
			"rotation": {"angle": 22.5, "axis": "x", "origin": [8.00237, 2.16721, 9.91252]},
			"faces": {
				"north": {"uv": [15, 0, 15.5, 0.5], "texture": "#1"},
				"east": {"uv": [15, 0, 15.5, 0.5], "texture": "#1"},
				"south": {"uv": [15, 0, 15.5, 0.5], "texture": "#1"},
				"west": {"uv": [15, 0, 15.5, 0.5], "texture": "#1"},
				"up": {"uv": [15, 0, 15.5, 0.5], "texture": "#1"},
				"down": {"uv": [15, 0, 15.5, 0.5], "texture": "#1"}
			}
		},
		{
			"from": [7.71002, 6.81416, 6.94519],
			"to": [8.29002, 8.65928, 7.52418],
			"rotation": {"angle": 0, "axis": "y", "origin": [8.00104, 12.65928, 6.94418]},
			"faces": {
				"north": {"uv": [11, 6, 12, 9.5], "texture": "#1"},
				"east": {"uv": [11, 6, 12, 9.5], "texture": "#1"},
				"south": {"uv": [11, 6, 12, 9.5], "texture": "#1"},
				"west": {"uv": [11, 6, 12, 9.5], "texture": "#1"},
				"up": {"uv": [11, 6, 12, 9.5], "texture": "#1"},
				"down": {"uv": [11, 6, 12, 9.5], "texture": "#1"}
			}
		},
		{
			"from": [7.70747, 0.86565, 10.44525],
			"to": [8.28747, 1.86565, 11.02525],
			"rotation": {"angle": 0, "axis": "x", "origin": [7.99747, 7.86565, 10.44525]},
			"faces": {
				"north": {"uv": [15, 13.5, 16, 15.5], "texture": "#1"},
				"east": {"uv": [15, 13.5, 16, 15.5], "texture": "#1"},
				"south": {"uv": [15, 13.5, 16, 15.5], "texture": "#1"},
				"west": {"uv": [15, 13.5, 16, 15.5], "texture": "#1"},
				"up": {"uv": [15, 13.5, 16, 15.5], "texture": "#1"},
				"down": {"uv": [15, 15, 15.5, 15.5], "texture": "#1"}
			}
		},
		{
			"from": [7.71283, 13.61074, 10.44368],
			"to": [8.29283, 14.61074, 11.02368],
			"rotation": {"angle": 0, "axis": "x", "origin": [8.00283, 21.61074, 10.44368]},
			"faces": {
				"north": {"uv": [15, 13.5, 16, 15.5], "rotation": 180, "texture": "#1"},
				"east": {"uv": [15, 13.5, 16, 15.5], "rotation": 180, "texture": "#1"},
				"south": {"uv": [15, 13.5, 16, 15.5], "rotation": 180, "texture": "#1"},
				"west": {"uv": [15, 13.5, 16, 15.5], "rotation": 180, "texture": "#1"},
				"up": {"uv": [15, 15, 15.5, 15.5], "rotation": 180, "texture": "#1"},
				"down": {"uv": [15, 13.5, 16, 15.5], "rotation": 180, "texture": "#1"}
			}
		},
		{
			"from": [7.71002, 4.66061, 6.80168],
			"to": [8.29002, 6.78561, 7.38168],
			"rotation": {"angle": -22.5, "axis": "x", "origin": [8.00002, 7.16061, 6.80168]},
			"faces": {
				"north": {"uv": [14, 2.5, 15, 6.5], "texture": "#1"},
				"east": {"uv": [14, 2.5, 15, 6.5], "texture": "#1"},
				"south": {"uv": [14, 2.5, 15, 6.5], "texture": "#1"},
				"west": {"uv": [14, 2.5, 15, 6.5], "texture": "#1"},
				"up": {"uv": [14, 2.5, 15, 6.5], "texture": "#1"},
				"down": {"uv": [14, 2.5, 15, 6.5], "texture": "#1"}
			}
		},
		{
			"from": [7.71021, 0.61811, 5.991],
			"to": [8.29021, 4.11811, 6.571],
			"rotation": {"angle": -45, "axis": "x", "origin": [8.00021, 6.61811, 5.991]},
			"faces": {
				"north": {"uv": [15, 4, 16, 11], "texture": "#1"},
				"east": {"uv": [15, 4, 16, 11], "texture": "#1"},
				"south": {"uv": [15, 4, 16, 11], "texture": "#1"},
				"west": {"uv": [15, 4, 16, 11], "texture": "#1"},
				"up": {"uv": [15, 4, 16, 11], "texture": "#1"},
				"down": {"uv": [15, 4, 16, 11], "texture": "#1"}
			}
		},
		{
			"from": [7.71001, 8.46589, 6.75753],
			"to": [8.29001, 10.59089, 7.33753],
			"rotation": {"angle": 22.5, "axis": "x", "origin": [8.00001, 8.09089, 7.33753]},
			"faces": {
				"north": {"uv": [14, 2.5, 15, 6.5], "rotation": 180, "texture": "#1"},
				"east": {"uv": [14, 2.5, 15, 6.5], "rotation": 180, "texture": "#1"},
				"south": {"uv": [14, 2.5, 15, 6.5], "rotation": 180, "texture": "#1"},
				"west": {"uv": [14, 2.5, 15, 6.5], "rotation": 180, "texture": "#1"},
				"up": {"uv": [14, 2.5, 15, 6.5], "rotation": 180, "texture": "#1"},
				"down": {"uv": [14, 2.5, 15, 6.5], "rotation": 180, "texture": "#1"}
			}
		},
		{
			"from": [7.71095, 11.23822, 5.11202],
			"to": [8.29095, 14.73822, 5.69202],
			"rotation": {"angle": 45, "axis": "x", "origin": [8.00095, 7.73822, 5.69202]},
			"faces": {
				"north": {"uv": [15, 4, 16, 11], "rotation": 180, "texture": "#1"},
				"east": {"uv": [15, 4, 16, 11], "rotation": 180, "texture": "#1"},
				"south": {"uv": [15, 4, 16, 11], "rotation": 180, "texture": "#1"},
				"west": {"uv": [15, 4, 16, 11], "rotation": 180, "texture": "#1"},
				"up": {"uv": [15, 4, 16, 11], "rotation": 180, "texture": "#1"},
				"down": {"uv": [15, 4, 16, 11], "rotation": 180, "texture": "#1"}
			}
		},
		{
			"from": [7.4974, 7.6974, 4.9334],
			"to": [7.7026, 7.9026, 13.1414],
			"rotation": {"angle": 0, "axis": "x", "origin": [7.6, 7.8, 6.65]},
			"faces": {
				"north": {"uv": [2, 1, 2.5, 1.5], "rotation": 270, "texture": "#0"},
				"east": {"uv": [2, 1, 6.5, 1.5], "rotation": 180, "texture": "#0"},
				"south": {"uv": [2, 1, 2.5, 1.5], "rotation": 90, "texture": "#0"},
				"west": {"uv": [2, 1, 6.5, 1.5], "texture": "#0"},
				"up": {"uv": [2, 1, 6.5, 1.5], "rotation": 90, "texture": "#0"},
				"down": {"uv": [2, 1, 6.5, 1.5], "rotation": 270, "texture": "#0"}
			}
		},
		{
			"from": [7.6, 6.1584, 9.8582],
			"to": [8.6, 9.4416, 13.1414],
			"rotation": {"angle": 0, "axis": "x", "origin": [7.6, 7.8, 6.65]},
			"faces": {
				"west": {"uv": [7.75, 8.25, 3.75, 12.25], "rotation": 270, "texture": "#0"}
			}
		},
		{
			"from": [5.9584, 6.8, 9.8582],
			"to": [9.2416, 7.8, 13.1414],
			"rotation": {"angle": 0, "axis": "x", "origin": [7.6, 7.8, 6.65]},
			"faces": {
				"up": {"uv": [7.75, 8.25, 3.75, 12.25], "texture": "#0"}
			}
		},
		{
			"from": [5.9756, 6.79998, 3.7022],
			"to": [9.2588, 7.79998, 7.3958],
			"rotation": {"angle": 0, "axis": "x", "origin": [7.6, 7.8, 6.65]},
			"faces": {
				"up": {"uv": [14, 6.25, 10, 10.25], "texture": "#0"}
			}
		},
		{
			"from": [7.6, 6.1584, 3.7022],
			"to": [8.6, 9.4416, 7.3958],
			"rotation": {"angle": 0, "axis": "x", "origin": [7.6, 7.8, 6.65]},
			"faces": {
				"west": {"uv": [10, 6.25, 14, 10.25], "rotation": 270, "texture": "#0"}
			}
		}
	],
	"gui_light": "front",
	"display": {
		"thirdperson_righthand": {
			"rotation": [0, -9, 5.75],
			"translation": [-1.75, -1.5, 1],
			"scale": [-1.55859, 1.75, 1.37891]
		},
		"thirdperson_lefthand": {
			"rotation": [0, -9, 5.75],
			"translation": [-1.75, -1.5, 1],
			"scale": [1.55859, 1.75, 1.37891]
		},
		"firstperson_righthand": {
			"rotation": [27.5, 6, 22.5],
			"translation": [-5.75, 3.4, 0.75],
			"scale": [-1.55859, 1.75, 1.37891]
		},
		"firstperson_lefthand": {
			"rotation": [27.5, 6, 22.5],
			"translation": [-5.75, 3.4, 0.75],
			"scale": [1.55859, 1.75, 1.37891]
		},
		"ground": {
			"translation": [0, 4.25, 0]
		},
		"gui": {
			"rotation": [64.75, 50, 109.5],
			"translation": [-0.75, 0.5, 0],
			"scale": [2, 1, 1.5]
		}
	},
	"groups": [0, 1, 2, 3, 4, 5, 6, 7, 8, 9, 10, 11,
		{
			"name": "arrow",
			"origin": [8, 8, 8],
			"children": [12, 13, 14, 15, 16]
		}
	]
}