{
	"textures": {
		"0": "entity/projectiles/arrow",
		"1": "item/pilum",
		"particle": "entity/projectiles/arrow"
	},
	"elements": [
		{
			"from": [7.70972, 0.57755, 6.5932],
			"to": [8.28972, 1.57755, 7.1732],
			"rotation": {"angle": -45, "axis": "x", "origin": [7.99972, 7.57755, 6.5932]},
			"faces": {
				"north": {"uv": [14, 12, 15, 14], "rotation": 180, "texture": "#1"},
				"east": {"uv": [14, 12, 15, 14], "rotation": 180, "texture": "#1"},
				"south": {"uv": [14, 12, 15, 14], "rotation": 180, "texture": "#1"},
				"west": {"uv": [14, 12, 15, 14], "rotation": 180, "texture": "#1"},
				"up": {"uv": [14, 12, 15, 14], "rotation": 180, "texture": "#1"},
				"down": {"uv": [14, 12, 15, 14], "rotation": 180, "texture": "#1"}
			}
		},
		{
			"from": [7.70283, 13.90031, 6.59984],
			"to": [8.28283, 14.90031, 7.17984],
			"rotation": {"angle": 45, "axis": "x", "origin": [7.99283, 7.90031, 6.59984]},
			"faces": {
				"north": {"uv": [14, 12, 15, 14], "texture": "#1"},
				"east": {"uv": [14, 12, 15, 14], "texture": "#1"},
				"south": {"uv": [14, 12, 15, 14], "texture": "#1"},
				"west": {"uv": [14, 12, 15, 14], "texture": "#1"},
				"up": {"uv": [14, 12, 15, 14], "texture": "#1"},
				"down": {"uv": [14, 12, 15, 14], "texture": "#1"}
			}
		},
		{
			"from": [7.92928, 7.28455, 13.81677],
			"to": [8.07428, 8.18527, 13.9713],
			"rotation": {"angle": 0, "axis": "y", "origin": [8.01558, 2.28592, 13.23916]},
			"faces": {
				"north": {"uv": [15.5, 0, 16, 0.5], "texture": "#1"},
				"east": {"uv": [15.5, 0, 16, 0.5], "texture": "#1"},
				"south": {"uv": [15.5, 0, 16, 0.5], "texture": "#1"},
				"west": {"uv": [15.5, 0, 16, 0.5], "texture": "#1"},
				"up": {"uv": [15.5, 0, 16, 0.5], "texture": "#1"},
				"down": {"uv": [15.5, 0, 16, 0.5], "texture": "#1"}
			}
		},
		{
			"from": [7.92846, 7.85391, 13.89454],
			"to": [8.07346, 12.7478, 14.03954],
			"rotation": {"angle": -22.5, "axis": "x", "origin": [8.00155, 7.84945, 13.17192]},
			"faces": {
				"north": {"uv": [15.5, 0, 16, 0.5], "texture": "#1"},
				"east": {"uv": [15.5, 0, 16, 0.5], "texture": "#1"},
				"south": {"uv": [15.5, 0, 16, 0.5], "texture": "#1"},
				"west": {"uv": [15.5, 0, 16, 0.5], "texture": "#1"},
				"up": {"uv": [15.5, 0, 16, 0.5], "texture": "#1"},
				"down": {"uv": [15.5, 0, 16, 0.5], "texture": "#1"}
			}
		},
		{
			"from": [7.93501, 3.16869, 11.63239],
			"to": [8.08001, 8.06257, 11.77739],
			"rotation": {"angle": 22.5, "axis": "x", "origin": [8.0081, 2.16422, 10.90977]},
			"faces": {
				"north": {"uv": [15.5, 0, 16, 0.5], "texture": "#1"},
				"east": {"uv": [15.5, 0, 16, 0.5], "texture": "#1"},
				"south": {"uv": [15.5, 0, 16, 0.5], "texture": "#1"},
				"west": {"uv": [15.5, 0, 16, 0.5], "texture": "#1"},
				"up": {"uv": [15.5, 0, 16, 0.5], "texture": "#1"},
				"down": {"uv": [15.5, 0, 16, 0.5], "texture": "#1"}
			}
		},
		{
			"from": [7.71002, 6.81416, 6.94519],
			"to": [8.29104, 8.65928, 7.52418],
			"rotation": {"angle": 0, "axis": "y", "origin": [8.00104, 12.65928, 6.94418]},
			"faces": {
				"north": {"uv": [11, 6, 12, 9.5], "texture": "#1"},
				"east": {"uv": [11, 6, 12, 9.5], "texture": "#1"},
				"south": {"uv": [11, 6, 12, 9.5], "texture": "#1"},
				"west": {"uv": [11, 6, 12, 9.5], "texture": "#1"},
				"up": {"uv": [11, 6, 12, 9.5], "texture": "#1"},
				"down": {"uv": [11, 6, 12, 9.5], "texture": "#1"}
			}
		},
		{
			"from": [7.70674, 1.361, 9.12236],
			"to": [8.28674, 2.361, 9.70236],
			"rotation": {"angle": -22.5, "axis": "x", "origin": [7.99674, 8.361, 9.12236]},
			"faces": {
				"north": {"uv": [14, 13.5, 15, 15.5], "texture": "#1"},
				"east": {"uv": [14, 13.5, 15, 15.5], "texture": "#1"},
				"south": {"uv": [14, 13.5, 15, 15.5], "texture": "#1"},
				"west": {"uv": [14, 13.5, 15, 15.5], "texture": "#1"},
				"up": {"uv": [14, 13.5, 15, 15.5], "texture": "#1"},
				"down": {"uv": [14, 15, 14.5, 15.5], "texture": "#1"}
			}
		},
		{
			"from": [7.7015, 12.05384, 14.48576],
			"to": [8.2815, 13.05384, 15.06576],
			"rotation": {"angle": 22.5, "axis": "x", "origin": [7.9915, 20.05384, 14.48576]},
			"faces": {
				"north": {"uv": [14, 13.5, 15, 15.5], "rotation": 180, "texture": "#1"},
				"east": {"uv": [14, 13.5, 15, 15.5], "rotation": 180, "texture": "#1"},
				"south": {"uv": [14, 13.5, 15, 15.5], "rotation": 180, "texture": "#1"},
				"west": {"uv": [14, 13.5, 15, 15.5], "rotation": 180, "texture": "#1"},
				"up": {"uv": [14, 15, 14.5, 15.5], "rotation": 180, "texture": "#1"},
				"down": {"uv": [14, 13.5, 15, 15.5], "rotation": 180, "texture": "#1"}
			}
		},
		{
			"from": [7.71002, 5.16061, 6.80168],
			"to": [8.29002, 6.78561, 7.38168],
			"rotation": {"angle": -22.5, "axis": "x", "origin": [8.00002, 7.16061, 6.80168]},
			"faces": {
				"north": {"uv": [14, 2.5, 15, 5.5], "texture": "#1"},
				"east": {"uv": [14, 2.5, 15, 5.5], "texture": "#1"},
				"south": {"uv": [14, 2.5, 15, 5.5], "texture": "#1"},
				"west": {"uv": [14, 2.5, 15, 5.5], "texture": "#1"},
				"up": {"uv": [14, 2.5, 15, 5.5], "texture": "#1"},
				"down": {"uv": [14, 2.5, 15, 5.5], "texture": "#1"}
			}
		},
		{
			"from": [7.70948, 3.57822, 7.30222],
			"to": [8.28948, 5.20322, 7.88222],
			"rotation": {"angle": -45, "axis": "x", "origin": [7.99948, 5.57822, 7.30222]},
			"faces": {
				"north": {"uv": [14, 5, 15, 8], "texture": "#1"},
				"east": {"uv": [14, 5, 15, 8], "texture": "#1"},
				"south": {"uv": [14, 5, 15, 8], "texture": "#1"},
				"west": {"uv": [14, 5, 15, 8], "texture": "#1"},
				"up": {"uv": [14, 5, 15, 8], "texture": "#1"},
				"down": {"uv": [14, 5, 15, 8], "texture": "#1"}
			}
		},
		{
			"from": [7.71072, 5.50372, 8.98129],
			"to": [8.29072, 6.08372, 11.48129],
			"rotation": {"angle": 22.5, "axis": "x", "origin": [8.00072, 5.50372, 5.48129]},
			"faces": {
				"north": {"uv": [14, 7.5, 15, 12.5], "rotation": 270, "texture": "#1"},
				"east": {"uv": [14, 7.5, 15, 12.5], "rotation": 270, "texture": "#1"},
				"south": {"uv": [14, 7.5, 15, 12.5], "rotation": 270, "texture": "#1"},
				"west": {"uv": [14, 7.5, 15, 12.5], "rotation": 270, "texture": "#1"},
				"up": {"uv": [14, 7.5, 15, 12.5], "rotation": 180, "texture": "#1"},
				"down": {"uv": [14, 7.5, 15, 12.5], "rotation": 180, "texture": "#1"}
			}
		},
		{
			"from": [7.70529, 10.30059, 6.07513],
			"to": [8.28529, 11.92559, 6.65513],
			"rotation": {"angle": 45, "axis": "x", "origin": [7.99529, 8.42559, 6.65513]},
			"faces": {
				"north": {"uv": [14, 5, 15, 8], "rotation": 180, "texture": "#1"},
				"east": {"uv": [14, 5, 15, 8], "rotation": 180, "texture": "#1"},
				"south": {"uv": [14, 5, 15, 8], "rotation": 180, "texture": "#1"},
				"west": {"uv": [14, 5, 15, 8], "rotation": 180, "texture": "#1"},
				"up": {"uv": [14, 5, 15, 8], "rotation": 180, "texture": "#1"},
				"down": {"uv": [14, 5, 15, 8], "rotation": 180, "texture": "#1"}
			}
		},
		{
			"from": [7.70849, 8.58081, 6.18428],
			"to": [8.28849, 10.20581, 6.76428],
			"rotation": {"angle": 22.5, "axis": "x", "origin": [7.99849, 6.70581, 6.76428]},
			"faces": {
				"north": {"uv": [14, 2.5, 15, 5.5], "rotation": 180, "texture": "#1"},
				"east": {"uv": [14, 2.5, 15, 5.5], "rotation": 180, "texture": "#1"},
				"south": {"uv": [14, 2.5, 15, 5.5], "rotation": 180, "texture": "#1"},
				"west": {"uv": [14, 2.5, 15, 5.5], "rotation": 180, "texture": "#1"},
				"up": {"uv": [14, 2.5, 15, 5.5], "rotation": 180, "texture": "#1"},
				"down": {"uv": [14, 2.5, 15, 5.5], "rotation": 180, "texture": "#1"}
			}
		},
		{
			"from": [7.70483, 9.43522, 9.20884],
			"to": [8.28483, 10.01522, 11.70884],
			"rotation": {"angle": -22.5, "axis": "x", "origin": [7.99483, 9.43522, 5.70884]},
			"faces": {
				"north": {"uv": [14, 7.5, 15, 12.5], "rotation": 270, "texture": "#1"},
				"east": {"uv": [14, 7.5, 15, 12.5], "rotation": 270, "texture": "#1"},
				"south": {"uv": [14, 7.5, 15, 12.5], "rotation": 270, "texture": "#1"},
				"west": {"uv": [14, 7.5, 15, 12.5], "rotation": 270, "texture": "#1"},
				"up": {"uv": [14, 7.5, 15, 12.5], "rotation": 180, "texture": "#1"},
				"down": {"uv": [14, 7.5, 15, 12.5], "rotation": 180, "texture": "#1"}
			}
		},
		{
			"from": [7.4974, 7.6974, 5.8584],
			"to": [7.7026, 7.9026, 14.0664],
			"rotation": {"angle": 0, "axis": "x", "origin": [7.6, 7.8, 7.5]},
			"faces": {
				"north": {"uv": [2, 1, 2.5, 1.5], "rotation": 270, "texture": "#0"},
				"east": {"uv": [2, 1, 6.5, 1.5], "rotation": 180, "texture": "#0"},
				"south": {"uv": [2, 1, 2.5, 1.5], "rotation": 90, "texture": "#0"},
				"west": {"uv": [2, 1, 6.5, 1.5], "texture": "#0"},
				"up": {"uv": [2, 1, 6.5, 1.5], "rotation": 90, "texture": "#0"},
				"down": {"uv": [2, 1, 6.5, 1.5], "rotation": 270, "texture": "#0"}
			}
		},
		{
			"from": [7.6, 6.1584, 10.7832],
			"to": [8.6, 9.4416, 14.0664],
			"rotation": {"angle": 0, "axis": "x", "origin": [7.6, 7.8, 7.5]},
			"faces": {
				"west": {"uv": [7.75, 8.25, 3.75, 12.25], "rotation": 270, "texture": "#0"}
			}
		},
		{
			"from": [5.9584, 6.8, 10.7832],
			"to": [9.2416, 7.8, 14.0664],
			"rotation": {"angle": 0, "axis": "x", "origin": [7.6, 7.8, 7.5]},
			"faces": {
				"up": {"uv": [7.75, 8.25, 3.75, 12.25], "texture": "#0"}
			}
		},
		{
			"from": [5.9756, 6.79998, 4.6272],
			"to": [9.2588, 7.79998, 8.3208],
			"rotation": {"angle": 0, "axis": "x", "origin": [7.6, 7.8, 7.5]},
			"faces": {
				"up": {"uv": [14, 6.25, 10, 10.25], "texture": "#0"}
			}
		},
		{
			"from": [7.6, 6.1584, 4.6272],
			"to": [8.6, 9.4416, 8.3208],
			"rotation": {"angle": 0, "axis": "x", "origin": [7.6, 7.8, 7.5]},
			"faces": {
				"west": {"uv": [10, 6.25, 14, 10.25], "rotation": 270, "texture": "#0"}
			}
		}
	],
	"gui_light": "front",
	"display": {
		"thirdperson_righthand": {
			"rotation": [0, -9, 5.75],
			"translation": [-1.75, -1.5, 1],
			"scale": [-1.55859, 1.75, 1.37891]
		},
		"thirdperson_lefthand": {
			"rotation": [0, -9, 5.75],
			"translation": [-1.75, -1.5, 1],
			"scale": [1.55859, 1.75, 1.37891]
		},
		"firstperson_righthand": {
			"rotation": [27.5, 6, 22.5],
			"translation": [-5.75, 3.4, 0.75],
			"scale": [-1.55859, 1.75, 1.37891]
		},
		"firstperson_lefthand": {
			"rotation": [27.5, 6, 22.5],
			"translation": [-5.75, 3.4, 0.75],
			"scale": [1.55859, 1.75, 1.37891]
		},
		"ground": {
			"translation": [0, 4.25, 0]
		},
		"gui": {
			"rotation": [64.75, 50, 109.5],
			"translation": [-0.75, 0.5, 0],
			"scale": [2, 1, 1.5]
		}
	},
	"groups": [0, 1, 2, 3, 4, 5, 6, 7, 8, 9, 10, 11, 12, 13,
		{
			"name": "arrow",
			"origin": [8, 8, 8],
			"children": [14, 15, 16, 17, 18]
		}
	]
}