{
	"credit": "Made with Blockbench",
	"texture_size": [32, 32],
	"textures": {
		"1": "item/netherite_battleaxe"
	},
	"elements": [
		{
			"from": [7.9, 11.4, 8.5],
			"to": [8.05, 11.6, 9.15],
			"faces": {
				"north": {"uv": [6, 9, 6.125, 9.125], "texture": "#1"},
				"east": {"uv": [2.5, 8, 2.875, 8.125], "texture": "#1"},
				"south": {"uv": [9, 6, 9.125, 6.125], "texture": "#1"},
				"west": {"uv": [8, 2.5, 8.375, 2.625], "texture": "#1"},
				"up": {"uv": [8.125, 3.375, 8, 3], "texture": "#1"},
				"down": {"uv": [8.125, 3.5, 8, 3.875], "texture": "#1"}
			}
		},
		{
			"from": [7.9, 11.4, 9.15],
			"to": [8.05, 11.5, 9.6],
			"faces": {
				"north": {"uv": [6.5, 9, 6.625, 9.125], "texture": "#1"},
				"east": {"uv": [8.5, 4, 8.75, 4.125], "texture": "#1"},
				"south": {"uv": [9, 6.5, 9.125, 6.625], "texture": "#1"},
				"west": {"uv": [4.5, 8.5, 4.75, 8.625], "texture": "#1"},
				"up": {"uv": [8.625, 4.75, 8.5, 4.5], "texture": "#1"},
				"down": {"uv": [5.125, 8.5, 5, 8.75], "texture": "#1"}
			}
		},
		{
			"from": [7.55, 11.6, 7.45],
			"to": [8.4, 11.7, 8.5],
			"faces": {
				"north": {"uv": [8, 4, 8.375, 4.125], "texture": "#1"},
				"east": {"uv": [8, 0, 8.5, 0.125], "texture": "#1"},
				"south": {"uv": [4.5, 8, 4.875, 8.125], "texture": "#1"},
				"west": {"uv": [0.5, 8, 1, 8.125], "texture": "#1"},
				"up": {"uv": [6.375, 1.5, 6, 1], "texture": "#1"},
				"down": {"uv": [1.875, 6, 1.5, 6.5], "texture": "#1"}
			}
		},
		{
			"from": [7.55, 9.4, 7.3],
			"to": [7.9, 11.6, 7.45],
			"faces": {
				"north": {"uv": [0, 6.5, 0.125, 7.625], "texture": "#1"},
				"east": {"uv": [6.5, 0, 6.625, 1.125], "texture": "#1"},
				"south": {"uv": [0.5, 6.5, 0.625, 7.625], "texture": "#1"},
				"west": {"uv": [1.5, 6.5, 1.625, 7.625], "texture": "#1"},
				"up": {"uv": [7.125, 9.125, 7, 9], "texture": "#1"},
				"down": {"uv": [9.125, 7, 9, 7.125], "texture": "#1"}
			}
		},
		{
			"from": [7.45, 9.4, 7.45],
			"to": [8.5, 11.6, 8.5],
			"faces": {
				"north": {"uv": [4, 0, 4.5, 1.125], "texture": "#1"},
				"east": {"uv": [4, 1.5, 4.5, 2.625], "texture": "#1"},
				"south": {"uv": [3, 4, 3.5, 5.125], "texture": "#1"},
				"west": {"uv": [4, 3, 4.5, 4.125], "texture": "#1"},
				"up": {"uv": [2, 6, 1.5, 5.5], "texture": "#1"},
				"down": {"uv": [3.5, 5.5, 3, 6], "texture": "#1"}
			}
		},
		{
			"from": [7.55, 9.4, 8.5],
			"to": [7.9, 11.6, 8.65],
			"faces": {
				"north": {"uv": [6.5, 1.5, 6.625, 2.625], "texture": "#1"},
				"east": {"uv": [6.5, 3, 6.625, 4.125], "texture": "#1"},
				"south": {"uv": [6.5, 4.5, 6.625, 5.625], "texture": "#1"},
				"west": {"uv": [6.5, 6, 6.625, 7.125], "texture": "#1"},
				"up": {"uv": [7.625, 9.125, 7.5, 9], "texture": "#1"},
				"down": {"uv": [9.125, 7.5, 9, 7.625], "texture": "#1"}
			}
		},
		{
			"from": [7.55, 9.3, 7.45],
			"to": [8.4, 9.4, 8.5],
			"faces": {
				"north": {"uv": [8, 4.5, 8.375, 4.625], "texture": "#1"},
				"east": {"uv": [8, 0.5, 8.5, 0.625], "texture": "#1"},
				"south": {"uv": [5, 8, 5.375, 8.125], "texture": "#1"},
				"west": {"uv": [8, 1, 8.5, 1.125], "texture": "#1"},
				"up": {"uv": [6.375, 2, 6, 1.5], "texture": "#1"},
				"down": {"uv": [6.375, 2, 6, 2.5], "texture": "#1"}
			}
		},
		{
			"from": [8.05, 9.4, 8.5],
			"to": [8.4, 11.6, 8.65],
			"faces": {
				"north": {"uv": [7, 0, 7.125, 1.125], "texture": "#1"},
				"east": {"uv": [7, 1.5, 7.125, 2.625], "texture": "#1"},
				"south": {"uv": [7, 3, 7.125, 4.125], "texture": "#1"},
				"west": {"uv": [7, 4.5, 7.125, 5.625], "texture": "#1"},
				"up": {"uv": [8.125, 9.125, 8, 9], "texture": "#1"},
				"down": {"uv": [9.125, 8, 9, 8.125], "texture": "#1"}
			}
		},
		{
			"from": [8.05, 9.4, 7.3],
			"to": [8.4, 11.6, 7.45],
			"faces": {
				"north": {"uv": [6, 7, 6.125, 8.125], "texture": "#1"},
				"east": {"uv": [7, 6, 7.125, 7.125], "texture": "#1"},
				"south": {"uv": [7.5, 0, 7.625, 1.125], "texture": "#1"},
				"west": {"uv": [7.5, 1.5, 7.625, 2.625], "texture": "#1"},
				"up": {"uv": [8.625, 9.125, 8.5, 9], "texture": "#1"},
				"down": {"uv": [9.125, 8.5, 9, 8.625], "texture": "#1"}
			}
		},
		{
			"from": [7.9, 9.4, 8.5],
			"to": [8.05, 11.4, 9.45],
			"faces": {
				"north": {"uv": [7.5, 6, 7.625, 7], "texture": "#1"},
				"east": {"uv": [1, 4.5, 1.5, 5.5], "texture": "#1"},
				"south": {"uv": [6.5, 7.5, 6.625, 8.5], "texture": "#1"},
				"west": {"uv": [1.5, 4.5, 2, 5.5], "texture": "#1"},
				"up": {"uv": [1.625, 8.5, 1.5, 8], "texture": "#1"},
				"down": {"uv": [8.125, 1.5, 8, 2], "texture": "#1"}
			}
		},
		{
			"from": [7.9, 9.4, 6.7],
			"to": [8.05, 11.6, 7.45],
			"faces": {
				"north": {"uv": [3, 7.5, 3.125, 8.625], "texture": "#1"},
				"east": {"uv": [4.5, 1.5, 4.875, 2.625], "texture": "#1"},
				"south": {"uv": [7.5, 3, 7.625, 4.125], "texture": "#1"},
				"west": {"uv": [4.5, 3, 4.875, 4.125], "texture": "#1"},
				"up": {"uv": [8.125, 5.375, 8, 5], "texture": "#1"},
				"down": {"uv": [5.625, 8, 5.5, 8.375], "texture": "#1"}
			}
		},
		{
			"from": [7.9, 9.1, 5.86],
			"to": [8.05, 11.9, 6.71],
			"faces": {
				"north": {"uv": [4, 6, 4.125, 7.375], "texture": "#1"},
				"east": {"uv": [4.5, 0, 4.875, 1.375], "texture": "#1"},
				"south": {"uv": [6, 4, 6.125, 5.375], "texture": "#1"},
				"west": {"uv": [0.5, 4.5, 0.875, 5.875], "texture": "#1"},
				"up": {"uv": [8.125, 5.875, 8, 5.5], "texture": "#1"},
				"down": {"uv": [8.125, 6, 8, 6.375], "texture": "#1"}
			}
		},
		{
			"from": [7.9, 8.5, 5.01],
			"to": [8.05, 12.5, 5.86],
			"faces": {
				"north": {"uv": [5.5, 3, 5.625, 5], "texture": "#1"},
				"east": {"uv": [3, 0, 3.375, 2], "texture": "#1"},
				"south": {"uv": [3.5, 5.5, 3.625, 7.5], "texture": "#1"},
				"west": {"uv": [2, 3, 2.375, 5], "texture": "#1"},
				"up": {"uv": [8.125, 6.875, 8, 6.5], "texture": "#1"},
				"down": {"uv": [7.125, 8, 7, 8.375], "texture": "#1"}
			}
		},
		{
			"from": [7.9, 7.9, 5.01],
			"to": [8.05, 8.5, 5.66],
			"faces": {
				"north": {"uv": [8.5, 5, 8.625, 5.25], "texture": "#1"},
				"east": {"uv": [7, 7.5, 7.375, 7.75], "texture": "#1"},
				"south": {"uv": [5.5, 8.5, 5.625, 8.75], "texture": "#1"},
				"west": {"uv": [7.5, 7, 7.875, 7.25], "texture": "#1"},
				"up": {"uv": [8.125, 7.375, 8, 7], "texture": "#1"},
				"down": {"uv": [7.625, 8, 7.5, 8.375], "texture": "#1"}
			}
		},
		{
			"from": [7.9, 12.5, 5.01],
			"to": [8.05, 13.1, 5.66],
			"faces": {
				"north": {"uv": [8.5, 5.5, 8.625, 5.75], "texture": "#1"},
				"east": {"uv": [7.5, 7.5, 7.875, 7.75], "texture": "#1"},
				"south": {"uv": [6, 8.5, 6.125, 8.75], "texture": "#1"},
				"west": {"uv": [0, 8, 0.375, 8.25], "texture": "#1"},
				"up": {"uv": [8.125, 7.875, 8, 7.5], "texture": "#1"},
				"down": {"uv": [8.125, 8, 8, 8.375], "texture": "#1"}
			}
		},
		{
			"from": [7.9, 7.9, 4.1625],
			"to": [8.05, 13.1, 5.0125],
			"faces": {
				"north": {"uv": [5, 0, 5.125, 2.625], "texture": "#1"},
				"east": {"uv": [2, 0, 2.375, 2.625], "texture": "#1"},
				"south": {"uv": [2, 5, 2.125, 7.625], "texture": "#1"},
				"west": {"uv": [2.5, 0, 2.875, 2.625], "texture": "#1"},
				"up": {"uv": [0.125, 8.875, 0, 8.5], "texture": "#1"},
				"down": {"uv": [8.625, 0, 8.5, 0.375], "texture": "#1"}
			}
		},
		{
			"from": [7.85, 13.3, 4.45],
			"to": [8.1, 13.8, 4.665],
			"faces": {
				"north": {"uv": [8.5, 6, 8.625, 6.25], "texture": "#1"},
				"east": {"uv": [6.5, 8.5, 6.625, 8.75], "texture": "#1"},
				"south": {"uv": [8.5, 6.5, 8.625, 6.75], "texture": "#1"},
				"west": {"uv": [7, 8.5, 7.125, 8.75], "texture": "#1"},
				"up": {"uv": [9.125, 9.125, 9, 9], "texture": "#1"},
				"down": {"uv": [0.125, 9.5, 0, 9.625], "texture": "#1"}
			}
		},
		{
			"from": [7.85, 13.1, 4.15],
			"to": [8.1, 13.35, 4.465],
			"faces": {
				"north": {"uv": [9.5, 0, 9.625, 0.125], "texture": "#1"},
				"east": {"uv": [0.5, 9.5, 0.625, 9.625], "texture": "#1"},
				"south": {"uv": [9.5, 0.5, 9.625, 0.625], "texture": "#1"},
				"west": {"uv": [1, 9.5, 1.125, 9.625], "texture": "#1"},
				"up": {"uv": [9.625, 1.125, 9.5, 1], "texture": "#1"},
				"down": {"uv": [1.625, 9.5, 1.5, 9.625], "texture": "#1"}
			}
		},
		{
			"from": [7.85, 7.9, 4.015],
			"to": [8.1, 13.1, 4.165],
			"faces": {
				"north": {"uv": [2.5, 5, 2.625, 7.625], "texture": "#1"},
				"east": {"uv": [5, 3, 5.125, 5.625], "texture": "#1"},
				"south": {"uv": [5.5, 0, 5.625, 2.625], "texture": "#1"},
				"west": {"uv": [1, 5.5, 1.125, 8.125], "texture": "#1"},
				"up": {"uv": [9.625, 1.625, 9.5, 1.5], "texture": "#1"},
				"down": {"uv": [2.125, 9.5, 2, 9.625], "texture": "#1"}
			}
		},
		{
			"from": [7.85, 7.65, 4.15],
			"to": [8.1, 7.9, 4.465],
			"faces": {
				"north": {"uv": [9.5, 2, 9.625, 2.125], "texture": "#1"},
				"east": {"uv": [2.5, 9.5, 2.625, 9.625], "texture": "#1"},
				"south": {"uv": [9.5, 2.5, 9.625, 2.625], "texture": "#1"},
				"west": {"uv": [3, 9.5, 3.125, 9.625], "texture": "#1"},
				"up": {"uv": [9.625, 3.125, 9.5, 3], "texture": "#1"},
				"down": {"uv": [3.625, 9.5, 3.5, 9.625], "texture": "#1"}
			}
		},
		{
			"from": [7.85, 7.2, 4.45],
			"to": [8.1, 7.7, 4.665],
			"faces": {
				"north": {"uv": [8.5, 7, 8.625, 7.25], "texture": "#1"},
				"east": {"uv": [7.5, 8.5, 7.625, 8.75], "texture": "#1"},
				"south": {"uv": [8.5, 7.5, 8.625, 7.75], "texture": "#1"},
				"west": {"uv": [8, 8.5, 8.125, 8.75], "texture": "#1"},
				"up": {"uv": [9.625, 3.625, 9.5, 3.5], "texture": "#1"},
				"down": {"uv": [4.125, 9.5, 4, 9.625], "texture": "#1"}
			}
		},
		{
			"from": [7.9, 13.1, 4.4625],
			"to": [8.05, 13.3, 5.3125],
			"faces": {
				"north": {"uv": [9.5, 4, 9.625, 4.125], "texture": "#1"},
				"east": {"uv": [0.5, 8.5, 0.875, 8.625], "texture": "#1"},
				"south": {"uv": [4.5, 9.5, 4.625, 9.625], "texture": "#1"},
				"west": {"uv": [8.5, 0.5, 8.875, 0.625], "texture": "#1"},
				"up": {"uv": [1.125, 8.875, 1, 8.5], "texture": "#1"},
				"down": {"uv": [8.625, 1, 8.5, 1.375], "texture": "#1"}
			}
		},
		{
			"from": [7.9, 13.3, 4.6625],
			"to": [8.05, 13.8, 5.0125],
			"faces": {
				"north": {"uv": [8.5, 8, 8.625, 8.25], "texture": "#1"},
				"east": {"uv": [8.5, 8.5, 8.625, 8.75], "texture": "#1"},
				"south": {"uv": [0, 9, 0.125, 9.25], "texture": "#1"},
				"west": {"uv": [9, 0, 9.125, 0.25], "texture": "#1"},
				"up": {"uv": [9.625, 4.625, 9.5, 4.5], "texture": "#1"},
				"down": {"uv": [5.125, 9.5, 5, 9.625], "texture": "#1"}
			}
		},
		{
			"from": [7.9, 7.2, 4.6625],
			"to": [8.05, 7.7, 5.0125],
			"faces": {
				"north": {"uv": [0.5, 9, 0.625, 9.25], "texture": "#1"},
				"east": {"uv": [9, 0.5, 9.125, 0.75], "texture": "#1"},
				"south": {"uv": [1, 9, 1.125, 9.25], "texture": "#1"},
				"west": {"uv": [9, 1, 9.125, 1.25], "texture": "#1"},
				"up": {"uv": [9.625, 5.125, 9.5, 5], "texture": "#1"},
				"down": {"uv": [5.625, 9.5, 5.5, 9.625], "texture": "#1"}
			}
		},
		{
			"from": [7.9, 7.7, 4.4625],
			"to": [8.05, 7.9, 5.2125],
			"faces": {
				"north": {"uv": [9.5, 5.5, 9.625, 5.625], "texture": "#1"},
				"east": {"uv": [1.5, 8.5, 1.875, 8.625], "texture": "#1"},
				"south": {"uv": [6, 9.5, 6.125, 9.625], "texture": "#1"},
				"west": {"uv": [8.5, 1.5, 8.875, 1.625], "texture": "#1"},
				"up": {"uv": [2.125, 8.875, 2, 8.5], "texture": "#1"},
				"down": {"uv": [8.625, 2, 8.5, 2.375], "texture": "#1"}
			}
		},
		{
			"from": [7.9, 9.1, 9.45],
			"to": [8.05, 11.4, 10.35],
			"faces": {
				"north": {"uv": [3.5, 7.5, 3.625, 8.625], "texture": "#1"},
				"east": {"uv": [3.5, 4, 4, 5.125], "texture": "#1"},
				"south": {"uv": [4, 7.5, 4.125, 8.625], "texture": "#1"},
				"west": {"uv": [0, 4.5, 0.5, 5.625], "texture": "#1"},
				"up": {"uv": [2.125, 8.5, 2, 8], "texture": "#1"},
				"down": {"uv": [8.125, 2, 8, 2.5], "texture": "#1"}
			}
		},
		{
			"from": [7.9, 8.2, 10.35],
			"to": [8.05, 11.1, 10.75],
			"faces": {
				"north": {"uv": [6, 2.5, 6.125, 4], "texture": "#1"},
				"east": {"uv": [4, 4.5, 4.25, 6], "texture": "#1"},
				"south": {"uv": [3, 6, 3.125, 7.5], "texture": "#1"},
				"west": {"uv": [4.5, 4.5, 4.75, 6], "texture": "#1"},
				"up": {"uv": [1.625, 9.25, 1.5, 9], "texture": "#1"},
				"down": {"uv": [9.125, 1.5, 9, 1.75], "texture": "#1"}
			}
		},
		{
			"from": [7.85, 8.25, 10.75],
			"to": [8.1, 11.1, 10.9],
			"faces": {
				"north": {"uv": [4.5, 6, 4.625, 7.375], "texture": "#1"},
				"east": {"uv": [5, 6, 5.125, 7.375], "texture": "#1"},
				"south": {"uv": [5.5, 6, 5.625, 7.375], "texture": "#1"},
				"west": {"uv": [6, 5.5, 6.125, 6.875], "texture": "#1"},
				"up": {"uv": [9.625, 6.125, 9.5, 6], "texture": "#1"},
				"down": {"uv": [6.625, 9.5, 6.5, 9.625], "texture": "#1"}
			}
		},
		{
			"from": [7.85, 11.1, 10.35],
			"to": [8.1, 11.25, 10.8],
			"faces": {
				"north": {"uv": [9.5, 6.5, 9.625, 6.625], "texture": "#1"},
				"east": {"uv": [2, 9, 2.25, 9.125], "texture": "#1"},
				"south": {"uv": [7, 9.5, 7.125, 9.625], "texture": "#1"},
				"west": {"uv": [9, 2, 9.25, 2.125], "texture": "#1"},
				"up": {"uv": [2.625, 9.25, 2.5, 9], "texture": "#1"},
				"down": {"uv": [9.125, 2.5, 9, 2.75], "texture": "#1"}
			}
		},
		{
			"from": [7.85, 8.1, 10.35],
			"to": [8.1, 8.25, 10.8],
			"faces": {
				"north": {"uv": [9.5, 7, 9.625, 7.125], "texture": "#1"},
				"east": {"uv": [3, 9, 3.25, 9.125], "texture": "#1"},
				"south": {"uv": [7.5, 9.5, 7.625, 9.625], "texture": "#1"},
				"west": {"uv": [9, 3, 9.25, 3.125], "texture": "#1"},
				"up": {"uv": [3.625, 9.25, 3.5, 9], "texture": "#1"},
				"down": {"uv": [9.125, 3.5, 9, 3.75], "texture": "#1"}
			}
		},
		{
			"from": [7.9, 8.6, 10.05],
			"to": [8.05, 9.1, 10.35],
			"faces": {
				"north": {"uv": [4, 9, 4.125, 9.25], "texture": "#1"},
				"east": {"uv": [9, 4, 9.125, 4.25], "texture": "#1"},
				"south": {"uv": [4.5, 9, 4.625, 9.25], "texture": "#1"},
				"west": {"uv": [9, 4.5, 9.125, 4.75], "texture": "#1"},
				"up": {"uv": [9.625, 7.625, 9.5, 7.5], "texture": "#1"},
				"down": {"uv": [8.125, 9.5, 8, 9.625], "texture": "#1"}
			}
		},
		{
			"from": [7.9, 8.9, 9.55],
			"to": [8.05, 9.1, 10.05],
			"faces": {
				"north": {"uv": [9.5, 8, 9.625, 8.125], "texture": "#1"},
				"east": {"uv": [5, 9, 5.25, 9.125], "texture": "#1"},
				"south": {"uv": [8.5, 9.5, 8.625, 9.625], "texture": "#1"},
				"west": {"uv": [9, 5, 9.25, 5.125], "texture": "#1"},
				"up": {"uv": [5.625, 9.25, 5.5, 9], "texture": "#1"},
				"down": {"uv": [9.125, 5.5, 9, 5.75], "texture": "#1"}
			}
		},
		{
			"from": [7.65, 1.2, 7.65],
			"to": [8.3, 9.4, 8.3],
			"faces": {
				"north": {"uv": [0, 0, 0.375, 4.125], "texture": "#1"},
				"east": {"uv": [0.5, 0, 0.875, 4.125], "texture": "#1"},
				"south": {"uv": [1, 0, 1.375, 4.125], "texture": "#1"},
				"west": {"uv": [1.5, 0, 1.875, 4.125], "texture": "#1"},
				"up": {"uv": [4.875, 7.875, 4.5, 7.5], "texture": "#1"},
				"down": {"uv": [7.875, 4.5, 7.5, 4.875], "texture": "#1"}
			}
		},
		{
			"from": [7.55, 1, 7.55],
			"to": [8.4, 1.2, 8.4],
			"faces": {
				"north": {"uv": [2.5, 8.5, 2.875, 8.625], "texture": "#1"},
				"east": {"uv": [8.5, 2.5, 8.875, 2.625], "texture": "#1"},
				"south": {"uv": [8.5, 3, 8.875, 3.125], "texture": "#1"},
				"west": {"uv": [8.5, 3.5, 8.875, 3.625], "texture": "#1"},
				"up": {"uv": [5.375, 7.875, 5, 7.5], "texture": "#1"},
				"down": {"uv": [7.875, 5, 7.5, 5.375], "texture": "#1"}
			}
		},
		{
			"from": [7.45, 0, 7.45],
			"to": [8.5, 1, 8.5],
			"faces": {
				"north": {"uv": [5.5, 5, 6, 5.5], "texture": "#1"},
				"east": {"uv": [5.5, 5.5, 6, 6], "texture": "#1"},
				"south": {"uv": [0, 6, 0.5, 6.5], "texture": "#1"},
				"west": {"uv": [6, 0, 6.5, 0.5], "texture": "#1"},
				"up": {"uv": [1, 6.5, 0.5, 6], "texture": "#1"},
				"down": {"uv": [6.5, 0.5, 6, 1], "texture": "#1"}
			}
		},
		{
			"name": "grip",
			"from": [7.55, 3.45, 7.55],
			"to": [8.4, 6.9, 8.4],
			"faces": {
				"north": {"uv": [3, 2, 3.375, 3.75], "texture": "#1"},
				"east": {"uv": [2.5, 3, 2.875, 4.75], "texture": "#1"},
				"south": {"uv": [3.5, 0, 3.875, 1.75], "texture": "#1"},
				"west": {"uv": [3.5, 2, 3.875, 3.75], "texture": "#1"},
				"up": {"uv": [5.875, 7.875, 5.5, 7.5], "texture": "#1"},
				"down": {"uv": [7.875, 5.5, 7.5, 5.875], "texture": "#1"}
			}
		}
	],
	"display": {
		"thirdperson_righthand": {
			"translation": [0, 3.5, 0],
			"scale": [2, 2, 2]
		},
		"thirdperson_lefthand": {
			"translation": [0, 3.5, 0],
			"scale": [2, 2, 2]
		},
		"firstperson_righthand": {
			"rotation": [0, 24, 9],
			"translation": [3, 1.75, 0],
			"scale": [2, 2, 2]
		},
		"firstperson_lefthand": {
			"rotation": [0, 24, 9],
			"translation": [3, 1.75, 0],
			"scale": [2, 2, 2]
		},
		"ground": {
			"rotation": [23, 0, 0],
			"translation": [0, 5, 0]
		},
		"gui": {
			"rotation": [-90, 70, 90],
			"translation": [0, 2, 0],
			"scale": [1.25, 1.25, 1.25]
		},
		"head": {
			"rotation": [-82.09, 5.62, 87.19],
			"translation": [8.25, 10.25, 0],
			"scale": [2, 2, 2]
		},
		"fixed": {
			"rotation": [-90, 70, 90],
			"translation": [0, 2, 0],
			"scale": [1.25, 1.25, 1.25]
		}
	},
	"groups": [
		{
			"name": "battle_axe",
			"origin": [0, 0, 0],
			"color": 0,
			"children": [
				{
					"name": "base",
					"origin": [0, 0, 0],
					"color": 0,
					"children": [
						{
							"name": "blade",
							"origin": [0, 0, 0],
							"color": 0,
							"children": [
								0,
								1,
								{
									"name": "seperator",
									"origin": [0, 0, 0],
									"color": 0,
									"children": [2, 3, 4, 5, 6, 7, 8]
								},
								9,
								10,
								11,
								12,
								13,
								14,
								15,
								{
									"name": "accents",
									"origin": [0, 0, 0],
									"color": 0,
									"children": [16, 17, 18, 19, 20]
								},
								21,
								22,
								23,
								24,
								25,
								26,
								27,
								28,
								29,
								30,
								31
							]
						},
						{
							"name": "stick",
							"origin": [0, 0, 0],
							"color": 0,
							"children": [
								32,
								33,
								34,
								{
									"name": "handle",
									"origin": [0, 0, 0],
									"color": 0,
									"children": [35]
								}
							]
						}
					]
				}
			]
		}
	]
}