{
	"credit": "Made with Blockbench",
	"parent": "minecraft:block/fence_side",
	"textures": {
		"1": "block/spruce_log",
		"particle": "block/spruce_log",
		"texture": "block/spruce_planks"
	},
	"elements": [
		{
			"from": [6, 0, -1],
			"to": [10, 16, 3],
			"faces": {
				"north": {"uv": [8, 0, 12, 16], "texture": "#1"},
				"east": {"uv": [4, 0, 8, 16], "texture": "#1"},
				"south": {"uv": [0, 0, 4, 16], "texture": "#1"},
				"west": {"uv": [12, 0, 16, 16], "texture": "#1"},
				"up": {"uv": [0, 0, 4, 4], "rotation": 180, "texture": "#1"},
				"down": {"uv": [0, 12, 4, 16], "rotation": 180, "texture": "#1"}
			}
		},
		{
			"from": [6, 0, 13],
			"to": [10, 16, 17],
			"faces": {
				"north": {"uv": [8, 0, 12, 16], "texture": "#1"},
				"east": {"uv": [4, 0, 8, 16], "texture": "#1"},
				"south": {"uv": [0, 0, 4, 16], "texture": "#1"},
				"west": {"uv": [12, 0, 16, 16], "texture": "#1"},
				"up": {"uv": [0, 0, 4, 4], "rotation": 180, "texture": "#1"},
				"down": {"uv": [0, 12, 4, 16], "rotation": 180, "texture": "#1"}
			}
		},
		{
			"from": [7.5, 1, 3.25],
			"to": [8.5, 15, 4.75],
			"rotation": {"angle": 0, "axis": "y", "origin": [8, 0.5, 0.5]},
			"faces": {
				"north": {"uv": [0, 0, 1, 14], "texture": "#texture"},
				"east": {"uv": [0, 0, 1.5, 14], "texture": "#texture"},
				"south": {"uv": [0, 0, 1, 14], "texture": "#texture"},
				"west": {"uv": [0, 0, 1.5, 14], "texture": "#texture"},
				"up": {"uv": [0, 0, 1.5, 1], "rotation": 90, "texture": "#texture"},
				"down": {"uv": [0, 0, 1.5, 1], "rotation": 270, "texture": "#texture"}
			}
		},
		{
			"from": [7.5, 3, 3],
			"to": [8.5, 4, 3.25],
			"rotation": {"angle": 0, "axis": "y", "origin": [8, 0.5, 0.5]},
			"faces": {
				"east": {"uv": [2, 7, 2.25, 8], "texture": "#texture"},
				"west": {"uv": [2, 7, 2.25, 8], "texture": "#texture"},
				"up": {"uv": [2, 7, 2.25, 8], "rotation": 90, "texture": "#texture"},
				"down": {"uv": [2, 7, 2.25, 8], "rotation": 270, "texture": "#texture"}
			}
		},
		{
			"from": [7.5, 3, 4.75],
			"to": [8.5, 4, 5.25],
			"rotation": {"angle": 0, "axis": "y", "origin": [8, 0.5, 0.5]},
			"faces": {
				"east": {"uv": [0, 3, 0.5, 4], "texture": "#texture"},
				"west": {"uv": [0, 3, 0.5, 4], "texture": "#texture"},
				"up": {"uv": [0, 3, 0.5, 4], "rotation": 90, "texture": "#texture"},
				"down": {"uv": [0, 3, 0.5, 4], "rotation": 270, "texture": "#texture"}
			}
		},
		{
			"from": [7.5, 3, 6.75],
			"to": [8.5, 4, 7.25],
			"rotation": {"angle": 0, "axis": "y", "origin": [8, 0.5, 0.5]},
			"faces": {
				"east": {"uv": [3, 7, 3.5, 8], "texture": "#texture"},
				"west": {"uv": [3, 7, 3.5, 8], "texture": "#texture"},
				"up": {"uv": [3, 7, 3.5, 8], "rotation": 90, "texture": "#texture"},
				"down": {"uv": [3, 7, 3.5, 8], "rotation": 270, "texture": "#texture"}
			}
		},
		{
			"from": [7.5, 11, 3],
			"to": [8.5, 12, 3.25],
			"rotation": {"angle": 0, "axis": "y", "origin": [8, 0.5, 0.5]},
			"faces": {
				"east": {"uv": [2, 3, 2.25, 4], "texture": "#texture"},
				"west": {"uv": [2, 3, 2.25, 4], "texture": "#texture"},
				"up": {"uv": [2, 3, 2.25, 4], "rotation": 90, "texture": "#texture"},
				"down": {"uv": [2, 3, 2.25, 4], "rotation": 270, "texture": "#texture"}
			}
		},
		{
			"from": [7.5, 11, 4.75],
			"to": [8.5, 12, 5.25],
			"rotation": {"angle": 0, "axis": "y", "origin": [8, 0.5, 0.5]},
			"faces": {
				"east": {"uv": [3, 3, 3.5, 4], "texture": "#texture"},
				"west": {"uv": [3, 3, 3.5, 4], "texture": "#texture"},
				"up": {"uv": [3, 3, 3.5, 4], "rotation": 90, "texture": "#texture"},
				"down": {"uv": [3, 3, 3.5, 4], "rotation": 270, "texture": "#texture"}
			}
		},
		{
			"from": [7.5, 11, 6.75],
			"to": [8.5, 12, 7.25],
			"rotation": {"angle": 0, "axis": "y", "origin": [8, 0.5, 0.5]},
			"faces": {
				"east": {"uv": [3, 7, 3.5, 8], "texture": "#texture"},
				"west": {"uv": [3, 7, 3.5, 8], "texture": "#texture"},
				"up": {"uv": [3, 7, 3.5, 8], "rotation": 90, "texture": "#texture"},
				"down": {"uv": [3, 7, 3.5, 8], "rotation": 270, "texture": "#texture"}
			}
		},
		{
			"from": [7.5, 1, 5.25],
			"to": [8.5, 15, 6.75],
			"rotation": {"angle": 0, "axis": "y", "origin": [8, 0.5, 0.5]},
			"faces": {
				"north": {"uv": [0, 0, 1, 14], "texture": "#texture"},
				"east": {"uv": [0, 0, 1.5, 14], "texture": "#texture"},
				"south": {"uv": [0, 0, 1, 14], "texture": "#texture"},
				"west": {"uv": [0, 0, 1.5, 14], "texture": "#texture"},
				"up": {"uv": [0, 0, 1.5, 1], "rotation": 90, "texture": "#texture"},
				"down": {"uv": [0, 0, 1.5, 1], "rotation": 270, "texture": "#texture"}
			}
		},
		{
			"from": [7.5, 1, 7.25],
			"to": [8.5, 15, 8.75],
			"rotation": {"angle": 0, "axis": "y", "origin": [8, 0.5, 0.5]},
			"faces": {
				"north": {"uv": [0, 0, 1, 14], "texture": "#texture"},
				"east": {"uv": [0, 0, 1.5, 14], "texture": "#texture"},
				"south": {"uv": [0, 0, 1, 14], "texture": "#texture"},
				"west": {"uv": [0, 0, 1.5, 14], "texture": "#texture"},
				"up": {"uv": [0, 0, 1.5, 1], "rotation": 90, "texture": "#texture"},
				"down": {"uv": [0, 0, 1.5, 1], "rotation": 270, "texture": "#texture"}
			}
		},
		{
			"from": [7.5, 3, 12.75],
			"to": [8.5, 4, 13],
			"rotation": {"angle": 0, "axis": "y", "origin": [8, 0.5, 0.5]},
			"faces": {
				"east": {"uv": [4, 7, 4.25, 8], "texture": "#texture"},
				"west": {"uv": [4, 7, 4.25, 8], "texture": "#texture"},
				"up": {"uv": [4, 7, 4.25, 8], "rotation": 90, "texture": "#texture"},
				"down": {"uv": [4, 7, 4.25, 8], "rotation": 270, "texture": "#texture"}
			}
		},
		{
			"from": [7.5, 3, 8.75],
			"to": [8.5, 4, 9.25],
			"rotation": {"angle": 0, "axis": "y", "origin": [8, 0.5, 0.5]},
			"faces": {
				"east": {"uv": [0, 3, 0.5, 4], "texture": "#texture"},
				"west": {"uv": [0, 3, 0.5, 4], "texture": "#texture"},
				"up": {"uv": [0, 3, 0.5, 4], "rotation": 90, "texture": "#texture"},
				"down": {"uv": [0, 3, 0.5, 4], "rotation": 270, "texture": "#texture"}
			}
		},
		{
			"from": [7.5, 3, 10.75],
			"to": [8.5, 4, 11.25],
			"rotation": {"angle": 0, "axis": "y", "origin": [8, 0.5, 0.5]},
			"faces": {
				"east": {"uv": [3, 7, 3.5, 8], "texture": "#texture"},
				"west": {"uv": [3, 7, 3.5, 8], "texture": "#texture"},
				"up": {"uv": [3, 7, 3.5, 8], "rotation": 90, "texture": "#texture"},
				"down": {"uv": [3, 7, 3.5, 8], "rotation": 270, "texture": "#texture"}
			}
		},
		{
			"from": [7.5, 11, 8.75],
			"to": [8.5, 12, 9.25],
			"rotation": {"angle": 0, "axis": "y", "origin": [8, 0.5, 0.5]},
			"faces": {
				"east": {"uv": [3, 3, 3.5, 4], "texture": "#texture"},
				"west": {"uv": [3, 3, 3.5, 4], "texture": "#texture"},
				"up": {"uv": [3, 3, 3.5, 4], "rotation": 90, "texture": "#texture"},
				"down": {"uv": [3, 3, 3.5, 4], "rotation": 270, "texture": "#texture"}
			}
		},
		{
			"from": [7.5, 11, 10.75],
			"to": [8.5, 12, 11.25],
			"rotation": {"angle": 0, "axis": "y", "origin": [8, 0.5, 0.5]},
			"faces": {
				"east": {"uv": [3, 7, 3.5, 8], "texture": "#texture"},
				"west": {"uv": [3, 7, 3.5, 8], "texture": "#texture"},
				"up": {"uv": [3, 7, 3.5, 8], "rotation": 90, "texture": "#texture"},
				"down": {"uv": [3, 7, 3.5, 8], "rotation": 270, "texture": "#texture"}
			}
		},
		{
			"from": [7.5, 11, 12.75],
			"to": [8.5, 12, 13],
			"rotation": {"angle": 0, "axis": "y", "origin": [8, 0.5, 0.5]},
			"faces": {
				"east": {"uv": [4, 7, 4.25, 8], "texture": "#texture"},
				"west": {"uv": [4, 7, 4.25, 8], "texture": "#texture"},
				"up": {"uv": [4, 7, 4.25, 8], "rotation": 90, "texture": "#texture"},
				"down": {"uv": [4, 7, 4.25, 8], "rotation": 270, "texture": "#texture"}
			}
		},
		{
			"from": [7.5, 1, 9.25],
			"to": [8.5, 15, 10.75],
			"rotation": {"angle": 0, "axis": "y", "origin": [8, 0.5, 0.5]},
			"faces": {
				"north": {"uv": [0, 0, 1, 14], "texture": "#texture"},
				"east": {"uv": [0, 0, 1.5, 14], "texture": "#texture"},
				"south": {"uv": [0, 0, 1, 14], "texture": "#texture"},
				"west": {"uv": [0, 0, 1.5, 14], "texture": "#texture"},
				"up": {"uv": [0, 0, 1.5, 1], "rotation": 90, "texture": "#texture"},
				"down": {"uv": [0, 0, 1.5, 1], "rotation": 270, "texture": "#texture"}
			}
		},
		{
			"from": [7.5, 1, 11.25],
			"to": [8.5, 15, 12.75],
			"rotation": {"angle": 0, "axis": "y", "origin": [8, 0.5, 0.5]},
			"faces": {
				"north": {"uv": [0, 0, 1, 14], "texture": "#texture"},
				"east": {"uv": [0, 0, 1.5, 14], "texture": "#texture"},
				"south": {"uv": [0, 0, 1, 14], "texture": "#texture"},
				"west": {"uv": [0, 0, 1.5, 14], "texture": "#texture"},
				"up": {"uv": [0, 0, 1.5, 1], "rotation": 90, "texture": "#texture"},
				"down": {"uv": [0, 0, 1.5, 1], "rotation": 270, "texture": "#texture"}
			}
		}
	],
	"display": {
		"thirdperson_righthand": {
			"rotation": [75, 30, 0],
			"translation": [0, 0.75, 0],
			"scale": [0.375, 0.375, 0.375]
		},
		"thirdperson_lefthand": {
			"rotation": [75, 30, 0],
			"translation": [0, 0.75, 0],
			"scale": [0.375, 0.375, 0.375]
		},
		"firstperson_righthand": {
			"rotation": [0, 35, 0],
			"scale": [0.5, 0.5, 0.5]
		},
		"firstperson_lefthand": {
			"rotation": [0, 35, 0],
			"scale": [0.5, 0.5, 0.5]
		},
		"ground": {
			"translation": [0, 3, 0],
			"scale": [0.5, 0.5, 0.5]
		},
		"gui": {
			"rotation": [30, 135, 0],
			"scale": [0.62, 0.62, 0.62]
		},
		"fixed": {
			"scale": [0.7, 0.7, 0.7]
		}
	}
}