{
	"credit": "Made with Blockbench",
	"parent": "minecraft:block/template_fence_gate",
	"textures": {
		"texture": "block/spruce_planks"
	},
	"elements": [
		{
			"from": [14.25, 1, 7.5],
			"to": [15.75, 15, 8.5],
			"rotation": {"angle": 0, "axis": "y", "origin": [12.64583, 7.625, 8]},
			"faces": {
				"north": {"uv": [0, 0, 1.5, 14], "texture": "#texture"},
				"east": {"uv": [0, 0, 1, 14], "texture": "#texture"},
				"south": {"uv": [0, 0, 1.5, 14], "texture": "#texture"},
				"west": {"uv": [0, 0, 1, 14], "texture": "#texture"},
				"up": {"uv": [0, 0, 1.5, 1], "rotation": 180, "texture": "#texture"},
				"down": {"uv": [0, 0, 1.5, 1], "rotation": 180, "texture": "#texture"}
			}
		},
		{
			"from": [12.25, 1, 7.5],
			"to": [13.75, 15, 8.5],
			"rotation": {"angle": 0, "axis": "y", "origin": [12.64583, 7.625, 8]},
			"faces": {
				"north": {"uv": [0, 0, 1.5, 14], "texture": "#texture"},
				"east": {"uv": [0, 0, 1, 14], "texture": "#texture"},
				"south": {"uv": [0, 0, 1.5, 14], "texture": "#texture"},
				"west": {"uv": [0, 0, 1, 14], "texture": "#texture"},
				"up": {"uv": [0, 0, 1.5, 1], "rotation": 180, "texture": "#texture"},
				"down": {"uv": [0, 0, 1.5, 1], "rotation": 180, "texture": "#texture"}
			}
		},
		{
			"from": [10.25, 1, 7.5],
			"to": [11.75, 15, 8.5],
			"rotation": {"angle": 0, "axis": "y", "origin": [12.64583, 7.625, 8]},
			"faces": {
				"north": {"uv": [0, 0, 1.5, 14], "texture": "#texture"},
				"east": {"uv": [0, 0, 1, 14], "texture": "#texture"},
				"south": {"uv": [0, 0, 1.5, 14], "texture": "#texture"},
				"west": {"uv": [0, 0, 1, 14], "texture": "#texture"},
				"up": {"uv": [0, 0, 1.5, 1], "rotation": 180, "texture": "#texture"},
				"down": {"uv": [0, 0, 1.5, 1], "rotation": 180, "texture": "#texture"}
			}
		},
		{
			"from": [8.25, 0, 7.25],
			"to": [9.75, 15, 8.75],
			"rotation": {"angle": 0, "axis": "y", "origin": [12.64583, 7.625, 8]},
			"faces": {
				"north": {"uv": [0, 0, 1.5, 15], "texture": "#texture"},
				"east": {"uv": [0, 0, 1.5, 15], "texture": "#texture"},
				"south": {"uv": [0, 0, 1.5, 15], "texture": "#texture"},
				"west": {"uv": [0, 0, 1.5, 15], "texture": "#texture"},
				"up": {"uv": [0, 0, 1.5, 1.5], "rotation": 180, "texture": "#texture"},
				"down": {"uv": [0, 0, 1.5, 1.5], "rotation": 180, "texture": "#texture"}
			}
		},
		{
			"from": [6.25, 0, 7.25],
			"to": [7.75, 15, 8.75],
			"rotation": {"angle": 0, "axis": "y", "origin": [8, 7.63636, 3]},
			"faces": {
				"north": {"uv": [0, 0, 1.5, 15], "texture": "#texture"},
				"east": {"uv": [0, 0, 1.5, 15], "texture": "#texture"},
				"south": {"uv": [0, 0, 1.5, 15], "texture": "#texture"},
				"west": {"uv": [0, 0, 1.5, 15], "texture": "#texture"},
				"up": {"uv": [0, 0, 1.5, 1.5], "rotation": 180, "texture": "#texture"},
				"down": {"uv": [0, 0, 1.5, 1.5], "rotation": 180, "texture": "#texture"}
			}
		},
		{
			"from": [15.75, 3, 7.5],
			"to": [16, 4, 8.5],
			"rotation": {"angle": 0, "axis": "y", "origin": [12.64583, 7.625, 8]},
			"faces": {
				"north": {"uv": [2, 7, 2.25, 8], "texture": "#texture"},
				"east": {"uv": [2, 7, 3, 8], "texture": "#texture"},
				"south": {"uv": [2, 7, 2.25, 8], "texture": "#texture"},
				"up": {"uv": [2, 7, 2.25, 8], "rotation": 180, "texture": "#texture"},
				"down": {"uv": [2, 7, 2.25, 8], "rotation": 180, "texture": "#texture"}
			}
		},
		{
			"from": [13.75, 3, 7.5],
			"to": [14.25, 4, 8.5],
			"rotation": {"angle": 0, "axis": "y", "origin": [12.64583, 7.625, 8]},
			"faces": {
				"north": {"uv": [0, 3, 0.5, 4], "texture": "#texture"},
				"south": {"uv": [0, 3, 0.5, 4], "texture": "#texture"},
				"up": {"uv": [0, 3, 0.5, 4], "rotation": 180, "texture": "#texture"},
				"down": {"uv": [0, 3, 0.5, 4], "rotation": 180, "texture": "#texture"}
			}
		},
		{
			"from": [11.75, 3, 7.5],
			"to": [12.25, 4, 8.5],
			"rotation": {"angle": 0, "axis": "y", "origin": [12.64583, 7.625, 8]},
			"faces": {
				"north": {"uv": [3, 7, 3.5, 8], "texture": "#texture"},
				"south": {"uv": [3, 7, 3.5, 8], "texture": "#texture"},
				"up": {"uv": [3, 7, 3.5, 8], "rotation": 180, "texture": "#texture"},
				"down": {"uv": [3, 7, 3.5, 8], "rotation": 180, "texture": "#texture"}
			}
		},
		{
			"from": [9.75, 3, 7.5],
			"to": [10.25, 4, 8.5],
			"rotation": {"angle": 0, "axis": "y", "origin": [12.64583, 7.625, 8]},
			"faces": {
				"north": {"uv": [4, 7, 4.25, 8], "texture": "#texture"},
				"south": {"uv": [4, 7, 4.25, 8], "texture": "#texture"},
				"up": {"uv": [4, 7, 4.25, 8], "rotation": 180, "texture": "#texture"},
				"down": {"uv": [4, 7, 4.25, 8], "rotation": 180, "texture": "#texture"}
			}
		},
		{
			"from": [9.75, 11, 7.5],
			"to": [10.25, 12, 8.5],
			"rotation": {"angle": 0, "axis": "y", "origin": [12.64583, 7.625, 8]},
			"faces": {
				"north": {"uv": [4, 7, 4.25, 8], "texture": "#texture"},
				"south": {"uv": [4, 7, 4.25, 8], "texture": "#texture"},
				"up": {"uv": [4, 7, 4.25, 8], "rotation": 180, "texture": "#texture"},
				"down": {"uv": [4, 7, 4.25, 8], "rotation": 180, "texture": "#texture"}
			}
		},
		{
			"from": [11.75, 11, 7.5],
			"to": [12.25, 12, 8.5],
			"rotation": {"angle": 0, "axis": "y", "origin": [12.64583, 7.625, 8]},
			"faces": {
				"north": {"uv": [3, 7, 3.5, 8], "texture": "#texture"},
				"south": {"uv": [3, 7, 3.5, 8], "texture": "#texture"},
				"up": {"uv": [3, 7, 3.5, 8], "rotation": 180, "texture": "#texture"},
				"down": {"uv": [3, 7, 3.5, 8], "rotation": 180, "texture": "#texture"}
			}
		},
		{
			"from": [13.75, 11, 7.5],
			"to": [14.25, 12, 8.5],
			"rotation": {"angle": 0, "axis": "y", "origin": [12.64583, 7.625, 8]},
			"faces": {
				"north": {"uv": [3, 3, 3.5, 4], "texture": "#texture"},
				"south": {"uv": [3, 3, 3.5, 4], "texture": "#texture"},
				"up": {"uv": [3, 3, 3.5, 4], "rotation": 180, "texture": "#texture"},
				"down": {"uv": [3, 3, 3.5, 4], "rotation": 180, "texture": "#texture"}
			}
		},
		{
			"from": [15.75, 11, 7.5],
			"to": [16, 12, 8.5],
			"rotation": {"angle": 0, "axis": "y", "origin": [12.64583, 7.625, 8]},
			"faces": {
				"north": {"uv": [2, 3, 2.25, 4], "texture": "#texture"},
				"east": {"uv": [2, 3, 3, 4], "texture": "#texture"},
				"south": {"uv": [2, 3, 2.25, 4], "texture": "#texture"},
				"up": {"uv": [2, 3, 2.25, 4], "rotation": 180, "texture": "#texture"},
				"down": {"uv": [2, 3, 2.25, 4], "rotation": 180, "texture": "#texture"}
			}
		},
		{
			"from": [4.25, 1, 7.5],
			"to": [5.75, 15, 8.5],
			"rotation": {"angle": 0, "axis": "y", "origin": [8, 7.63636, 3]},
			"faces": {
				"north": {"uv": [0, 0, 1.5, 14], "texture": "#texture"},
				"east": {"uv": [0, 0, 1, 14], "texture": "#texture"},
				"south": {"uv": [0, 0, 1.5, 14], "texture": "#texture"},
				"west": {"uv": [0, 0, 1, 14], "texture": "#texture"},
				"up": {"uv": [0, 0, 1.5, 1], "rotation": 180, "texture": "#texture"},
				"down": {"uv": [0, 0, 1.5, 1], "rotation": 180, "texture": "#texture"}
			}
		},
		{
			"from": [2.25, 1, 7.5],
			"to": [3.75, 15, 8.5],
			"rotation": {"angle": 0, "axis": "y", "origin": [8, 7.63636, 3]},
			"faces": {
				"north": {"uv": [0, 0, 1.5, 14], "texture": "#texture"},
				"east": {"uv": [0, 0, 1, 14], "texture": "#texture"},
				"south": {"uv": [0, 0, 1.5, 14], "texture": "#texture"},
				"west": {"uv": [0, 0, 1, 14], "texture": "#texture"},
				"up": {"uv": [0, 0, 1.5, 1], "rotation": 180, "texture": "#texture"},
				"down": {"uv": [0, 0, 1.5, 1], "rotation": 180, "texture": "#texture"}
			}
		},
		{
			"from": [0.25, 1, 7.5],
			"to": [1.75, 15, 8.5],
			"rotation": {"angle": 0, "axis": "y", "origin": [8, 7.63636, 3]},
			"faces": {
				"north": {"uv": [0, 0, 1.5, 14], "texture": "#texture"},
				"east": {"uv": [0, 0, 1, 14], "texture": "#texture"},
				"south": {"uv": [0, 0, 1.5, 14], "texture": "#texture"},
				"west": {"uv": [0, 0, 1, 14], "texture": "#texture"},
				"up": {"uv": [0, 0, 1.5, 1], "rotation": 180, "texture": "#texture"},
				"down": {"uv": [0, 0, 1.5, 1], "rotation": 180, "texture": "#texture"}
			}
		},
		{
			"from": [5.75, 3, 7.5],
			"to": [6.25, 4, 8.5],
			"rotation": {"angle": 0, "axis": "y", "origin": [8, 7.63636, 3]},
			"faces": {
				"north": {"uv": [2, 7, 2.25, 8], "texture": "#texture"},
				"south": {"uv": [2, 7, 2.25, 8], "texture": "#texture"},
				"up": {"uv": [2, 7, 2.25, 8], "rotation": 180, "texture": "#texture"},
				"down": {"uv": [2, 7, 2.25, 8], "rotation": 180, "texture": "#texture"}
			}
		},
		{
			"from": [3.75, 3, 7.5],
			"to": [4.25, 4, 8.5],
			"rotation": {"angle": 0, "axis": "y", "origin": [8, 7.63636, 3]},
			"faces": {
				"north": {"uv": [0, 3, 0.5, 4], "texture": "#texture"},
				"south": {"uv": [0, 3, 0.5, 4], "texture": "#texture"},
				"up": {"uv": [0, 3, 0.5, 4], "rotation": 180, "texture": "#texture"},
				"down": {"uv": [0, 3, 0.5, 4], "rotation": 180, "texture": "#texture"}
			}
		},
		{
			"from": [1.75, 3, 7.5],
			"to": [2.25, 4, 8.5],
			"rotation": {"angle": 0, "axis": "y", "origin": [8, 7.63636, 3]},
			"faces": {
				"north": {"uv": [3, 7, 3.5, 8], "texture": "#texture"},
				"south": {"uv": [3, 7, 3.5, 8], "texture": "#texture"},
				"up": {"uv": [3, 7, 3.5, 8], "rotation": 180, "texture": "#texture"},
				"down": {"uv": [3, 7, 3.5, 8], "rotation": 180, "texture": "#texture"}
			}
		},
		{
			"from": [0, 3, 7.5],
			"to": [0.25, 4, 8.5],
			"rotation": {"angle": 0, "axis": "y", "origin": [8, 7.63636, 3]},
			"faces": {
				"north": {"uv": [4, 7, 4.25, 8], "texture": "#texture"},
				"south": {"uv": [4, 7, 4.25, 8], "texture": "#texture"},
				"west": {"uv": [4, 7, 5, 8], "texture": "#texture"},
				"up": {"uv": [4, 7, 4.25, 8], "rotation": 180, "texture": "#texture"},
				"down": {"uv": [4, 7, 4.25, 8], "rotation": 180, "texture": "#texture"}
			}
		},
		{
			"from": [0, 11, 7.5],
			"to": [0.25, 12, 8.5],
			"rotation": {"angle": 0, "axis": "y", "origin": [8, 7.63636, 3]},
			"faces": {
				"north": {"uv": [4, 7, 4.25, 8], "texture": "#texture"},
				"south": {"uv": [4, 7, 4.25, 8], "texture": "#texture"},
				"west": {"uv": [4, 7, 5, 8], "texture": "#texture"},
				"up": {"uv": [4, 7, 4.25, 8], "rotation": 180, "texture": "#texture"},
				"down": {"uv": [4, 7, 4.25, 8], "rotation": 180, "texture": "#texture"}
			}
		},
		{
			"from": [1.75, 11, 7.5],
			"to": [2.25, 12, 8.5],
			"rotation": {"angle": 0, "axis": "y", "origin": [8, 7.63636, 3]},
			"faces": {
				"north": {"uv": [3, 7, 3.5, 8], "texture": "#texture"},
				"south": {"uv": [3, 7, 3.5, 8], "texture": "#texture"},
				"up": {"uv": [3, 7, 3.5, 8], "rotation": 180, "texture": "#texture"},
				"down": {"uv": [3, 7, 3.5, 8], "rotation": 180, "texture": "#texture"}
			}
		},
		{
			"from": [3.75, 11, 7.5],
			"to": [4.25, 12, 8.5],
			"rotation": {"angle": 0, "axis": "y", "origin": [8, 7.63636, 3]},
			"faces": {
				"north": {"uv": [3, 3, 3.5, 4], "texture": "#texture"},
				"south": {"uv": [3, 3, 3.5, 4], "texture": "#texture"},
				"up": {"uv": [3, 3, 3.5, 4], "rotation": 180, "texture": "#texture"},
				"down": {"uv": [3, 3, 3.5, 4], "rotation": 180, "texture": "#texture"}
			}
		},
		{
			"from": [5.75, 11, 7.5],
			"to": [6.25, 12, 8.5],
			"rotation": {"angle": 0, "axis": "y", "origin": [8, 7.63636, 3]},
			"faces": {
				"north": {"uv": [2, 3, 2.25, 4], "texture": "#texture"},
				"south": {"uv": [2, 3, 2.25, 4], "texture": "#texture"},
				"up": {"uv": [2, 3, 2.25, 4], "rotation": 180, "texture": "#texture"},
				"down": {"uv": [2, 3, 2.25, 4], "rotation": 180, "texture": "#texture"}
			}
		}
	]
}